x-axis,1,2
second,Volt,Volt
-96.0000E-06,-2.8318018E-03,+53.4645170E-03
-95.7500E-06,+35.3340288E-03,+26.6805962E-03
-95.5000E-06,+5.7862890E-03,-26.8872455E-03
-95.2500E-06,+15.6355356E-03,+24.6202946E-03
-95.0000E-06,-31.1483857E-03,+24.6202946E-03
-94.7500E-06,+35.3340288E-03,-39.2490551E-03
-94.5000E-06,+14.4043798E-03,+39.0424058E-03
-94.2500E-06,-2.8318018E-03,-6.2842295E-03
-94.0000E-06,+14.4043798E-03,+72.0072314E-03
-93.7500E-06,-1.6006459E-03,+26.6805962E-03
-93.5000E-06,-42.2287881E-03,+24.6202946E-03
-93.2500E-06,+36.5651846E-03,+59.6454218E-03
-93.0000E-06,+25.4847822E-03,+24.6202946E-03
-92.7500E-06,+36.5651846E-03,+24.6202946E-03
-92.5000E-06,+5.7862890E-03,-26.8872455E-03
-92.2500E-06,+39.0274962E-03,+24.6202946E-03
-92.0000E-06,-2.8318018E-03,+72.0072314E-03
-91.7500E-06,-1.6006459E-03,+88.4896442E-03
-91.5000E-06,+27.9470938E-03,+24.6202946E-03
-91.2500E-06,-2.8318018E-03,+55.5248186E-03
-91.0000E-06,+8.2486006E-03,+72.0072314E-03
-90.7500E-06,-2.8318018E-03,+24.6202946E-03
-90.5000E-06,-24.9926066E-03,+24.6202946E-03
-90.2500E-06,-2.8318018E-03,+24.6202946E-03
-90.0000E-06,+25.4847822E-03,+24.6202946E-03
-89.7500E-06,-4.0629576E-03,+24.6202946E-03
-89.5000E-06,-33.6106974E-03,+24.6202946E-03
-89.2500E-06,+18.0978472E-03,+24.6202946E-03
-89.0000E-06,+25.4847822E-03,+24.6202946E-03
-88.7500E-06,-40.9976323E-03,+26.6805962E-03
-88.5000E-06,-24.9926066E-03,+10.1981834E-03
-88.2500E-06,+18.0978472E-03,+24.6202946E-03
-88.0000E-06,+25.4847822E-03,+72.0072314E-03
-87.7500E-06,-2.8318018E-03,+24.6202946E-03
-87.5000E-06,+5.7862890E-03,-107.2390079E-03
-87.2500E-06,-2.8318018E-03,+24.6202946E-03
-87.0000E-06,+47.6455870E-03,-22.7666423E-03
-86.7500E-06,+36.5651846E-03,+24.6202946E-03
-86.5000E-06,+5.7862890E-03,+39.0424058E-03
-86.2500E-06,-2.8318018E-03,-41.3093567E-03
-86.0000E-06,-2.8318018E-03,+72.0072314E-03
-85.7500E-06,-1.6006459E-03,+24.6202946E-03
-85.5000E-06,+19.3290031E-03,+10.1981834E-03
-85.2500E-06,+15.6355356E-03,+24.6202946E-03
-85.0000E-06,-2.8318018E-03,+43.1630090E-03
-84.7500E-06,-2.8318018E-03,-37.1887535E-03
-84.5000E-06,+5.7862890E-03,+24.6202946E-03
-84.2500E-06,-2.8318018E-03,-6.2842295E-03
-84.0000E-06,-2.8318018E-03,+24.6202946E-03
-83.7500E-06,-369.4901E-06,+22.5599930E-03
-83.5000E-06,-2.8318018E-03,+76.1278346E-03
-83.2500E-06,+34.1028729E-03,+24.6202946E-03
-83.0000E-06,+25.4847822E-03,-22.7666423E-03
-82.7500E-06,-2.8318018E-03,+24.6202946E-03
-82.5000E-06,+27.9470938E-03,+39.0424058E-03
-82.2500E-06,-23.7614508E-03,+20.4996914E-03
-82.0000E-06,+8.2486006E-03,+24.6202946E-03
-81.7500E-06,-39.7664765E-03,-39.2490551E-03
-81.5000E-06,-2.8318018E-03,+39.0424058E-03
-81.2500E-06,-369.4901E-06,+24.6202946E-03
-81.0000E-06,-2.8318018E-03,+24.6202946E-03
-80.7500E-06,-2.8318018E-03,+26.6805962E-03
-80.5000E-06,+58.7259894E-03,+104.9720570E-03
-80.2500E-06,+15.6355356E-03,-45.4299599E-03
-80.0000E-06,-13.9122042E-03,+90.5499458E-03
-79.7500E-06,-4.0629576E-03,+88.4896442E-03
-79.5000E-06,-2.8318018E-03,+76.1278346E-03
-79.2500E-06,+15.6355356E-03,+59.6454218E-03
-79.0000E-06,-13.9122042E-03,+24.6202946E-03
-78.7500E-06,-39.7664765E-03,+22.5599930E-03
-78.5000E-06,+27.9470938E-03,+10.1981834E-03
-78.2500E-06,-369.4901E-06,+55.5248186E-03
-78.0000E-06,-31.1483857E-03,+24.6202946E-03
-77.7500E-06,-2.8318018E-03,-39.2490551E-03
-77.5000E-06,-2.8318018E-03,+39.0424058E-03
-77.2500E-06,-369.4901E-06,+24.6202946E-03
-77.0000E-06,-2.8318018E-03,+43.1630090E-03
-76.7500E-06,+35.3340288E-03,+88.4896442E-03
-76.5000E-06,+27.9470938E-03,-12.4651343E-03
-76.2500E-06,+18.0978472E-03,+24.6202946E-03
-76.0000E-06,+36.5651846E-03,+24.6202946E-03
-75.7500E-06,-369.4901E-06,+24.6202946E-03
-75.5000E-06,-20.0679833E-03,-12.4651343E-03
-75.2500E-06,+15.6355356E-03,+24.6202946E-03
-75.0000E-06,+36.5651846E-03,+24.6202946E-03
-74.7500E-06,+36.5651846E-03,+24.6202946E-03
-74.5000E-06,+19.3290031E-03,+24.6202946E-03
-74.2500E-06,-23.7614508E-03,+20.4996914E-03
-74.0000E-06,-31.1483857E-03,+72.0072314E-03
-73.7500E-06,-2.8318018E-03,+24.6202946E-03
-73.5000E-06,-2.8318018E-03,+39.0424058E-03
-73.2500E-06,-2.8318018E-03,+59.6454218E-03
-73.0000E-06,-13.9122042E-03,+6.0775802E-03
-72.7500E-06,-2.8318018E-03,+24.6202946E-03
-72.5000E-06,+36.5651846E-03,-26.8872455E-03
-72.2500E-06,-21.2991391E-03,+59.6454218E-03
-72.0000E-06,-2.8318018E-03,+24.6202946E-03
-71.7500E-06,-4.0629576E-03,+24.6202946E-03
-71.5000E-06,-24.9926066E-03,+24.6202946E-03
-71.2500E-06,+15.6355356E-03,+24.6202946E-03
-71.0000E-06,-2.8318018E-03,+24.6202946E-03
-70.7500E-06,-1.6006460E-03,+22.5599930E-03
-70.5000E-06,+27.9470938E-03,+24.6202946E-03
-70.2500E-06,-369.4901E-06,+55.5248186E-03
-70.0000E-06,+8.2486006E-03,-41.3093567E-03
-69.7500E-06,-2.8318018E-03,+88.4896442E-03
-69.5000E-06,-2.8318018E-03,+24.6202946E-03
-69.2500E-06,+18.0978472E-03,+20.4996914E-03
-69.0000E-06,-42.2287881E-03,+24.6202946E-03
-68.7500E-06,-40.9976323E-03,+26.6805962E-03
-68.5000E-06,+5.7862890E-03,+90.5499458E-03
-68.2500E-06,-369.4901E-06,-10.4048327E-03
-68.0000E-06,+8.2486006E-03,+43.1630090E-03
-67.7500E-06,-2.8318018E-03,+24.6202946E-03
-67.5000E-06,-2.8318018E-03,+39.0424058E-03
-67.2500E-06,-2.8318018E-03,+24.6202946E-03
-67.0000E-06,+25.4847822E-03,+24.6202946E-03
-66.7500E-06,-39.7664765E-03,-39.2490551E-03
-66.5000E-06,+67.3440802E-03,+24.6202946E-03
-66.2500E-06,-2.8318018E-03,-6.2842295E-03
-66.0000E-06,+25.4847822E-03,+72.0072314E-03
-65.7500E-06,+34.1028730E-03,+22.5599930E-03
-65.5000E-06,-2.8318018E-03,+24.6202946E-03
-65.2500E-06,+15.6355356E-03,+24.6202946E-03
-65.0000E-06,-42.2287881E-03,+6.0775802E-03
-64.7500E-06,-2.8318018E-03,+24.6202946E-03
-64.5000E-06,+19.3290031E-03,+24.6202946E-03
-64.2500E-06,-5.2941134E-03,+20.4996914E-03
-64.0000E-06,+8.2486006E-03,+6.0775802E-03
-63.7500E-06,+35.3340288E-03,+26.6805962E-03
-63.5000E-06,+27.9470938E-03,+10.1981834E-03
-63.2500E-06,+15.6355356E-03,-10.4048327E-03
-63.0000E-06,-2.8318018E-03,-22.7666423E-03
-62.7500E-06,-4.0629576E-03,+24.6202946E-03
-62.5000E-06,-24.9926066E-03,-41.3093567E-03
-62.2500E-06,-2.8318018E-03,+90.5499458E-03
-62.0000E-06,+36.5651846E-03,+53.4645170E-03
-61.7500E-06,-2.8318018E-03,+24.6202946E-03
-61.5000E-06,-33.6106974E-03,+90.5499458E-03
-61.2500E-06,-2.8318018E-03,+24.6202946E-03
-61.0000E-06,-20.0679833E-03,+6.0775802E-03
-60.7500E-06,+35.3340288E-03,+22.5599930E-03
-60.5000E-06,+5.7862890E-03,+24.6202946E-03
-60.2500E-06,+18.0978472E-03,-10.4048327E-03
-60.0000E-06,+36.5651846E-03,+6.0775802E-03
-59.7500E-06,-1.6006460E-03,-39.2490551E-03
-59.5000E-06,-11.4498925E-03,+24.6202946E-03
-59.2500E-06,+15.6355356E-03,-6.2842295E-03
-59.0000E-06,+14.4043798E-03,-41.3093567E-03
-58.7500E-06,-40.9976323E-03,-39.2490551E-03
-58.5000E-06,+27.9470938E-03,+61.7057234E-03
-58.2500E-06,+36.5651846E-03,+24.6202946E-03
-58.0000E-06,+8.2486006E-03,+24.6202946E-03
-57.7500E-06,-40.9976323E-03,-41.3093567E-03
-57.5000E-06,+27.9470938E-03,-12.4651342E-03
-57.2500E-06,-23.7614508E-03,+24.6202946E-03
-57.0000E-06,+8.2486006E-03,+24.6202946E-03
-56.7500E-06,+35.3340288E-03,+152.3589939E-03
-56.5000E-06,+45.1832754E-03,-26.8872455E-03
-56.2500E-06,-2.8318018E-03,-6.2842295E-03
-56.0000E-06,-13.9122042E-03,+24.6202946E-03
-55.7500E-06,-1.6006460E-03,-41.3093567E-03
-55.5000E-06,-11.4498925E-03,+24.6202946E-03
-55.2500E-06,+15.6355356E-03,-10.4048327E-03
-55.0000E-06,-2.8318018E-03,+119.3941683E-03
-54.7500E-06,+35.3340288E-03,+24.6202946E-03
-54.5000E-06,-2.8318018E-03,+24.6202946E-03
-54.2500E-06,+55.0325220E-03,+24.6202946E-03
-54.0000E-06,-13.9122042E-03,+24.6202946E-03
-53.7500E-06,+36.5651846E-03,+20.4996914E-03
-53.5000E-06,+27.9470938E-03,+24.6202946E-03
-53.2500E-06,-42.2287881E-03,-10.4048327E-03
-53.0000E-06,-2.8318018E-03,+43.1630090E-03
-52.7500E-06,+34.1028730E-03,+24.6202946E-03
-52.5000E-06,+50.1078986E-03,+24.6202946E-03
-52.2500E-06,+39.0274962E-03,+24.6202946E-03
-52.0000E-06,+25.4847822E-03,+72.0072314E-03
-51.7500E-06,-1.6006460E-03,+24.6202946E-03
-51.5000E-06,+19.3290031E-03,+10.1981834E-03
-51.2500E-06,+15.6355356E-03,+28.7408978E-03
-51.0000E-06,-13.9122042E-03,-4.2239279E-03
-50.7500E-06,+36.5651846E-03,+24.6202946E-03
-50.5000E-06,+27.9470938E-03,-12.4651342E-03
-50.2500E-06,-2.8318018E-03,+24.6202946E-03
-50.0000E-06,-2.8318018E-03,+24.6202946E-03
-49.7500E-06,-369.4901E-06,+22.5599930E-03
-49.5000E-06,-2.8318018E-03,+90.5499458E-03
-49.2500E-06,-2.8318018E-03,+55.5248186E-03
-49.0000E-06,+36.5651846E-03,+24.6202946E-03
-48.7500E-06,+35.3340288E-03,+24.6202946E-03
-48.5000E-06,+45.1832754E-03,+24.6202946E-03
-48.2500E-06,+15.6355356E-03,+24.6202946E-03
-48.0000E-06,-31.1483857E-03,+24.6202946E-03
-47.7500E-06,+35.3340288E-03,-37.1887535E-03
-47.5000E-06,-24.9926066E-03,+24.6202946E-03
-47.2500E-06,-42.2287881E-03,+59.6454218E-03
-47.0000E-06,-20.0679833E-03,+24.6202946E-03
-46.7500E-06,-2.8318018E-03,+24.6202946E-03
-46.5000E-06,-2.8318018E-03,+24.6202946E-03
-46.2500E-06,+36.5651846E-03,+20.4996914E-03
-46.0000E-06,+8.2486006E-03,+6.0775802E-03
-45.7500E-06,+34.1028730E-03,+24.6202946E-03
-45.5000E-06,-2.8318018E-03,+24.6202946E-03
-45.2500E-06,-42.2287881E-03,+24.6202946E-03
-45.0000E-06,+8.2486006E-03,+24.6202946E-03
-44.7500E-06,-2.8318018E-03,-39.2490551E-03
-44.5000E-06,+27.9470938E-03,+39.0424058E-03
-44.2500E-06,-2.8318018E-03,+59.6454218E-03
-44.0000E-06,-2.8318018E-03,+6.0775802E-03
-43.7500E-06,-2.8318018E-03,+24.6202946E-03
-43.5000E-06,-47.1534114E-03,+10.1981834E-03
-43.2500E-06,-369.4901E-06,+28.7408978E-03
-43.0000E-06,-31.1483857E-03,+24.6202946E-03
-42.7500E-06,-40.9976323E-03,+22.5599930E-03
-42.5000E-06,+5.7862890E-03,+61.7057234E-03
-42.2500E-06,-2.8318018E-03,+24.6202946E-03
-42.0000E-06,-20.0679833E-03,-41.3093567E-03
-41.7500E-06,-80.3946187E-03,+86.4293426E-03
-41.5000E-06,-2.8318018E-03,+24.6202946E-03
-41.2500E-06,-42.2287881E-03,+55.5248186E-03
-41.0000E-06,-13.9122042E-03,+6.0775802E-03
-40.7500E-06,+34.1028730E-03,+24.6202946E-03
-40.5000E-06,+36.5651846E-03,+10.1981834E-03
-40.2500E-06,-2.8318018E-03,+24.6202946E-03
-40.0000E-06,+53.8013661E-03,+43.1630090E-03
-39.7500E-06,-1.6006460E-03,+22.5599930E-03
-39.5000E-06,-11.4498925E-03,+24.6202946E-03
-39.2500E-06,+18.0978472E-03,+59.6454218E-03
-39.0000E-06,-31.1483857E-03,+72.0072314E-03
-38.7500E-06,-2.8318018E-03,+88.4896442E-03
-38.5000E-06,+27.9470938E-03,+24.6202946E-03
-38.2500E-06,-21.2991391E-03,+86.4293426E-03
-38.0000E-06,+14.4043798E-03,+24.6202946E-03
-37.7500E-06,-369.4901E-06,+86.4293426E-03
-37.5000E-06,-42.2287881E-03,+39.0424058E-03
-37.2500E-06,+18.0978472E-03,-6.2842295E-03
-37.0000E-06,-2.8318018E-03,+24.6202946E-03
-36.7500E-06,+35.3340288E-03,+24.6202946E-03
-36.5000E-06,+5.7862890E-03,+76.1278346E-03
-36.2500E-06,+18.0978472E-03,+24.6202946E-03
-36.0000E-06,-2.8318018E-03,+6.0775802E-03
-35.7500E-06,+36.5651846E-03,+24.6202946E-03
-35.5000E-06,-2.8318018E-03,-26.8872455E-03
-35.2500E-06,-369.4901E-06,+55.5248186E-03
-35.0000E-06,+36.5651846E-03,+6.0775802E-03
-34.7500E-06,+36.5651846E-03,+88.4896442E-03
-34.5000E-06,+36.5651846E-03,-26.8872455E-03
-34.2500E-06,+15.6355356E-03,+24.6202946E-03
-34.0000E-06,+25.4847822E-03,-22.7666423E-03
-33.7500E-06,-40.9976323E-03,+86.4293426E-03
-33.5000E-06,+50.1078986E-03,+39.0424058E-03
-33.2500E-06,+18.0978472E-03,+28.7408978E-03
-33.0000E-06,+25.4847822E-03,-22.7666423E-03
-32.7500E-06,+36.5651846E-03,-39.2490551E-03
-32.5000E-06,+5.7862890E-03,+61.7057234E-03
-32.2500E-06,+15.6355356E-03,+24.6202946E-03
-32.0000E-06,-2.8318018E-03,+24.6202946E-03
-31.7500E-06,-1.6006460E-03,+24.6202946E-03
-31.5000E-06,+36.5651846E-03,-26.8872455E-03
-31.2500E-06,+18.0978472E-03,+24.6202946E-03
-31.0000E-06,+19.3290031E-03,+24.6202946E-03
-30.7500E-06,+36.5651846E-03,+22.5599930E-03
-30.5000E-06,-2.8318018E-03,+24.6202946E-03
-30.2500E-06,+18.0978472E-03,+28.7408978E-03
-30.0000E-06,+14.4043798E-03,+6.0775802E-03
-29.7500E-06,+36.5651846E-03,-37.1887535E-03
-29.5000E-06,+5.7862890E-03,+24.6202946E-03
-29.2500E-06,-2.8318018E-03,+59.6454218E-03
-29.0000E-06,-13.9122042E-03,+24.6202946E-03
-28.7500E-06,-4.0629576E-03,+22.5599930E-03
-28.5000E-06,+36.5651846E-03,+61.7057234E-03
-28.2500E-06,+15.6355356E-03,+24.6202946E-03
-28.0000E-06,+25.4847822E-03,-22.7666423E-03
-27.7500E-06,+35.3340288E-03,-39.2490551E-03
-27.5000E-06,-2.8318018E-03,-26.8872455E-03
-27.2500E-06,+18.0978472E-03,+24.6202946E-03
-27.0000E-06,-2.8318018E-03,+24.6202946E-03
-26.7500E-06,-2.8318018E-03,+24.6202946E-03
-26.5000E-06,+58.7259894E-03,+24.6202946E-03
-26.2500E-06,+34.1028730E-03,+55.5248186E-03
-26.0000E-06,-2.8318018E-03,+72.0072314E-03
-25.7500E-06,+35.3340288E-03,+22.5599930E-03
-25.5000E-06,-2.8318018E-03,+61.7057234E-03
-25.2500E-06,-5.2941134E-03,+55.5248186E-03
-25.0000E-06,-31.1483857E-03,+24.6202946E-03
-24.7500E-06,-2.8318018E-03,+22.5599930E-03
-24.5000E-06,+19.3290031E-03,+39.0424058E-03
-24.2500E-06,+36.5651846E-03,+24.6202946E-03
-24.0000E-06,+8.2486006E-03,+90.5499458E-03
-23.7500E-06,-39.7664765E-03,+24.6202946E-03
-23.5000E-06,+36.5651846E-03,+24.6202946E-03
-23.2500E-06,+36.5651846E-03,-6.2842295E-03
-23.0000E-06,+36.5651846E-03,+6.0775802E-03
-22.7500E-06,+35.3340288E-03,+24.6202946E-03
-22.5000E-06,+5.7862890E-03,-26.8872455E-03
-22.2500E-06,-2.8318018E-03,+24.6202946E-03
-22.0000E-06,-31.1483857E-03,+6.0775802E-03
-21.7500E-06,-2.8318018E-03,+88.4896442E-03
-21.5000E-06,-33.6106974E-03,-26.8872455E-03
-21.2500E-06,-23.7614508E-03,+24.6202946E-03
-21.0000E-06,-2.8318018E-03,+43.1630090E-03
-20.7500E-06,+35.3340288E-03,+24.6202946E-03
-20.5000E-06,-2.8318018E-03,+24.6202946E-03
-20.2500E-06,-2.8318018E-03,+90.5499458E-03
-20.0000E-06,+19.3290031E-03,+6.0775802E-03
-19.7500E-06,+36.5651846E-03,+24.6202946E-03
-19.5000E-06,+36.5651846E-03,+24.6202946E-03
-19.2500E-06,-2.8318018E-03,-10.4048327E-03
-19.0000E-06,-13.9122042E-03,+72.0072314E-03
-18.7500E-06,-2.8318018E-03,+90.5499458E-03
-18.5000E-06,+36.5651846E-03,+24.6202946E-03
-18.2500E-06,+18.0978472E-03,+24.6202946E-03
-18.0000E-06,+8.2486006E-03,+24.6202946E-03
-17.7500E-06,+34.1028730E-03,+24.6202946E-03
-17.5000E-06,+5.7862890E-03,+76.1278346E-03
-17.2500E-06,-2.8318018E-03,+59.6454218E-03
-17.0000E-06,-2.8318018E-03,+24.6202946E-03
-16.7500E-06,+35.3340288E-03,+26.6805962E-03
-16.5000E-06,+19.3290031E-03,+24.6202946E-03
-16.2500E-06,-18.8368275E-03,+24.6202946E-03
-16.0000E-06,+36.5651846E-03,+6.0775802E-03
-15.7500E-06,+35.3340288E-03,+24.6202946E-03
-15.5000E-06,-2.8318018E-03,+24.6202946E-03
-15.2500E-06,-23.7614508E-03,+24.6202946E-03
-15.0000E-06,+8.2486006E-03,+6.0775802E-03
-14.7500E-06,+35.3340288E-03,-39.2490551E-03
-14.5000E-06,+27.9470938E-03,+76.1278346E-03
-14.2500E-06,+15.6355356E-03,+24.6202946E-03
-14.0000E-06,-20.0679833E-03,+6.0775802E-03
-13.7500E-06,-2.8318018E-03,+26.6805962E-03
-13.5000E-06,-2.8318018E-03,+10.1981834E-03
-13.2500E-06,+34.1028730E-03,+55.5248186E-03
-13.0000E-06,+8.2486006E-03,+24.6202946E-03
-12.7500E-06,-40.9976323E-03,+22.5599930E-03
-12.5000E-06,+5.7862890E-03,-26.8872455E-03
-12.2500E-06,-2.8318018E-03,+24.6202946E-03
-12.0000E-06,+36.5651846E-03,+72.0072314E-03
-11.7500E-06,-2.8318018E-03,+24.6202946E-03
-11.5000E-06,-2.8318018E-03,+10.1981834E-03
-11.2500E-06,-21.2991391E-03,+24.6202946E-03
-11.0000E-06,-2.8318018E-03,+72.0072314E-03
-10.7500E-06,-4.0629576E-03,+24.6202946E-03
-10.5000E-06,+27.9470938E-03,+24.6202946E-03
-10.2500E-06,-2.8318018E-03,-6.2842295E-03
-10.0000E-06,-13.9122042E-03,+6.0775802E-03
-9.7500E-06,-1.6006460E-03,+88.4896442E-03
-9.5000E-06,+27.9470938E-03,-41.3093567E-03
-9.2500E-06,-21.2991391E-03,+24.6202946E-03
-9.0000E-06,+8.2486006E-03,+6.0775802E-03
-8.7500E-06,-42.2287881E-03,+24.6202946E-03
-8.5000E-06,+5.7862890E-03,-12.4651343E-03
-8.2500E-06,-23.7614508E-03,+24.6202946E-03
-8.0000E-06,+25.4847822E-03,+24.6202946E-03
-7.7500E-06,+36.5651846E-03,+24.6202946E-03
-7.5000E-06,-2.8318018E-03,+39.0424058E-03
-7.2500E-06,-2.8318018E-03,+59.6454218E-03
-7.0000E-06,-13.9122042E-03,+90.5499458E-03
-6.7500E-06,-1.6006460E-03,+26.6805962E-03
-6.5000E-06,-16.3745158E-03,+24.6202946E-03
-6.2500E-06,+18.0978472E-03,+24.6202946E-03
-6.0000E-06,-13.9122042E-03,+6.0775802E-03
-5.7500E-06,-42.2287881E-03,+24.6202946E-03
-5.5000E-06,+36.5651846E-03,+76.1278346E-03
-5.2500E-06,+15.6355356E-03,-10.4048327E-03
-5.0000E-06,+53.8013661E-03,-41.3093567E-03
-4.7500E-06,+35.3340288E-03,+24.6202946E-03
-4.5000E-06,+27.9470938E-03,-41.3093567E-03
-4.2500E-06,+18.0978472E-03,-6.2842295E-03
-4.0000E-06,-31.1483857E-03,+24.6202946E-03
-3.7500E-06,-4.0629576E-03,+24.6202946E-03
-3.5000E-06,-33.6106974E-03,+10.1981834E-03
-3.2500E-06,+15.6355356E-03,+55.5248186E-03
-3.0000E-06,+8.2486006E-03,+24.6202946E-03
-2.7500E-06,+34.1028730E-03,+88.4896442E-03
-2.5000E-06,+5.7862890E-03,+24.6202946E-03
-2.2500E-06,-369.4901E-06,-6.2842295E-03
-2.0000E-06,-8.9875809E-03,+24.6202946E-03
-1.7500E-06,+35.3340288E-03,+24.6202946E-03
-1.5000E-06,+27.9470938E-03,+10.1981834E-03
-1.2500E-06,+18.0978472E-03,+55.5248186E-03
-1.0000E-06,-2.8318018E-03,+24.6202946E-03
-750.0E-09,+35.3340288E-03,+24.6202946E-03
-500.0E-09,-11.4498925E-03,+24.6202946E-03
-250.0E-09,-23.7614508E-03,+24.6202946E-03
+0.0E+00,+999.3290389E-03,+7.1306005196E+00
+250.0E-09,+1.6900074561E+00,+9.7162790298E+00
+500.0E-09,+2.0765903848E+00,+9.7822086811E+00
+750.0E-09,+2.3819170292E+00,+9.8831634596E+00
+1.0000E-06,+2.6540024662E+00,+9.8481383324E+00
+1.2500E-06,+2.8731482029E+00,+9.8501986340E+00
+1.5000E-06,+3.1095301211E+00,+9.9284900948E+00
+1.7500E-06,+3.3668416883E+00,+9.9140679836E+00
+2.0000E-06,+3.5822939575E+00,+9.9326106980E+00
+2.2500E-06,+3.7817412009E+00,+9.8501986340E+00
+2.5000E-06,+3.9935000027E+00,+9.9140679836E+00
+2.7500E-06,+4.2126457393E+00,+9.9799976349E+00
+3.0000E-06,+4.4096306711E+00,+10.0273845717E+00
+3.2500E-06,+4.6066156030E+00,+9.9779373333E+00
+3.5000E-06,+4.7949824440E+00,+9.9284900948E+00
+3.7500E-06,+4.9427211429E+00,+9.9799976349E+00
+4.0000E-06,+5.0682990369E+00,+9.9985403493E+00
+4.2500E-06,+5.2357362290E+00,+9.9820579365E+00
+4.5000E-06,+5.3329975391E+00,+10.0315051749E+00
+4.7500E-06,+5.4918166404E+00,+9.9490931109E+00
+5.0000E-06,+5.5915402621E+00,+9.9985403493E+00
+5.2500E-06,+5.7478970517E+00,+9.9799976349E+00
+5.5000E-06,+5.8193040895E+00,+10.0974348262E+00
+5.7500E-06,+5.9436508277E+00,+10.0109021589E+00
+6.0000E-06,+6.0249071121E+00,+9.9985403493E+00
+6.2500E-06,+6.1049322407E+00,+10.0418066830E+00
+6.5000E-06,+6.1824950576E+00,+10.0315051749E+00
+6.7500E-06,+6.2612890303E+00,+9.9799976349E+00
+7.0000E-06,+6.3400830030E+00,+9.9799976349E+00
+7.2500E-06,+6.3807111452E+00,+10.0459272861E+00
+7.5000E-06,+6.4582739621E+00,+9.9799976349E+00
+7.7500E-06,+6.5161382859E+00,+10.0109021589E+00
+8.0000E-06,+6.5653845188E+00,+10.0459272861E+00
+8.2500E-06,+6.6170930634E+00,+10.1077363342E+00
+8.5000E-06,+6.6244799984E+00,+10.0315051749E+00
+8.7500E-06,+6.7131232177E+00,+9.9799976349E+00
+9.0000E-06,+6.7057362827E+00,+10.0644700006E+00
+9.2500E-06,+6.6958870362E+00,+10.0459272861E+00
+9.5000E-06,+6.7426709575E+00,+10.0315051749E+00
+9.7500E-06,+6.8128468394E+00,+10.0150227621E+00
+10.0000E-06,+6.7734498531E+00,+10.0273845717E+00
+10.2500E-06,+6.8128468394E+00,+9.9820579365E+00
+10.5000E-06,+6.8128468394E+00,+10.0459272861E+00
+10.7500E-06,+6.8128468394E+00,+9.9799976349E+00
+11.0000E-06,+6.8239272418E+00,+10.0933142230E+00
+11.2500E-06,+6.8140779952E+00,+10.1097966358E+00
+11.5000E-06,+6.8522438258E+00,+9.9799976349E+00
+11.7500E-06,+6.8337764884E+00,+10.0768318102E+00
+12.0000E-06,+6.8411634234E+00,+10.0459272861E+00
+12.2500E-06,+6.7746810089E+00,+9.9799976349E+00
+12.5000E-06,+6.8214649302E+00,+10.0170830637E+00
+12.7500E-06,+6.7968418137E+00,+10.0109021589E+00
+13.0000E-06,+6.7906860346E+00,+10.0459272861E+00
+13.2500E-06,+6.8091533720E+00,+10.0459272861E+00
+13.5000E-06,+6.7426709575E+00,+10.0315051749E+00
+13.7500E-06,+6.7106609061E+00,+10.0459272861E+00
+14.0000E-06,+6.6835754779E+00,+10.0459272861E+00
+14.2500E-06,+6.6552588940E+00,+10.0459272861E+00
+14.5000E-06,+6.6158619076E+00,+9.9944197461E+00
+14.7500E-06,+6.6183242192E+00,+10.0459272861E+00
+15.0000E-06,+6.5986257261E+00,+9.9799976349E+00
+15.2500E-06,+6.5370679349E+00,+9.9820579365E+00
+15.5000E-06,+6.4976709485E+00,+9.9799976349E+00
+15.7500E-06,+6.4767412995E+00,+10.0459272861E+00
+16.0000E-06,+6.4865905461E+00,+10.0459272861E+00
+16.2500E-06,+6.4188769758E+00,+10.0438669846E+00
+16.5000E-06,+6.4188769758E+00,+10.0315051749E+00
+16.7500E-06,+6.3794799894E+00,+10.0459272861E+00
+17.0000E-06,+6.3290026006E+00,+9.9985403493E+00
+17.2500E-06,+6.3006860167E+00,+10.0459272861E+00
+17.5000E-06,+6.2218920439E+00,+10.0459272861E+00
+17.7500E-06,+6.1824950576E+00,+10.0459272861E+00
+18.0000E-06,+6.1714146552E+00,+9.9985403493E+00
+18.2500E-06,+6.1430980712E+00,+10.0438669846E+00
+18.5000E-06,+6.0950829941E+00,+9.9655755237E+00
+18.7500E-06,+6.0273694238E+00,+10.0109021589E+00
+19.0000E-06,+5.9965905282E+00,+10.0088418573E+00
+19.2500E-06,+5.9461131394E+00,+10.0459272861E+00
+19.5000E-06,+5.9067161530E+00,+10.0315051749E+00
+19.7500E-06,+5.8463895177E+00,+10.0500478893E+00
+20.0000E-06,+5.7885251939E+00,+10.0273845717E+00
+20.2500E-06,+5.7885251939E+00,+9.9799976349E+00
+20.5000E-06,+5.7183493120E+00,+10.1118569374E+00
+20.7500E-06,+5.6888015722E+00,+10.0459272861E+00
+21.0000E-06,+5.6309372485E+00,+9.9799976349E+00
+21.2500E-06,+5.5915402621E+00,+9.9799976349E+00
+21.5000E-06,+5.5521432757E+00,+9.9799976349E+00
+21.7500E-06,+5.4524196540E+00,+9.9799976349E+00
+22.0000E-06,+5.4733493030E+00,+9.9985403493E+00
+22.2500E-06,+5.3945553303E+00,+9.9820579365E+00
+22.5000E-06,+5.3637764347E+00,+9.9944197461E+00
+22.7500E-06,+5.3157613575E+00,+9.9841182381E+00
+23.0000E-06,+5.2763643712E+00,+9.9985403493E+00
+23.2500E-06,+5.2369673848E+00,+10.0438669846E+00
+23.5000E-06,+5.1975703984E+00,+9.9799976349E+00
+23.7500E-06,+5.1372437631E+00,+10.0109021589E+00
+24.0000E-06,+5.0904598418E+00,+9.9799976349E+00
+24.2500E-06,+5.1175452699E+00,+10.0459272861E+00
+24.5000E-06,+4.9919673759E+00,+10.0459272861E+00
+24.7500E-06,+4.9427211429E+00,+9.9841182381E+00
+25.0000E-06,+4.9217914939E+00,+9.9799976349E+00
+25.2500E-06,+4.9217914939E+00,+9.9799976349E+00
+25.5000E-06,+4.8429975212E+00,+9.9799976349E+00
+25.7500E-06,+4.7851331974E+00,+9.9799976349E+00
+26.0000E-06,+4.7531231460E+00,+9.9326106980E+00
+26.2500E-06,+4.6854095757E+00,+9.9799976349E+00
+26.5000E-06,+4.6546306801E+00,+9.9799976349E+00
+26.7500E-06,+4.6250829403E+00,+10.0150227621E+00
+27.0000E-06,+4.5955352006E+00,+10.0273845717E+00
+27.2500E-06,+4.5278216302E+00,+10.0438669846E+00
+27.5000E-06,+4.4798065531E+00,+9.9799976349E+00
+27.7500E-06,+4.4465653459E+00,+10.0150227621E+00
+28.0000E-06,+4.4379472551E+00,+9.9326106980E+00
+28.2500E-06,+4.4083995153E+00,+10.0438669846E+00
+28.5000E-06,+4.4010125804E+00,+9.9799976349E+00
+28.7500E-06,+4.2914397120E+00,+10.0109021589E+00
+29.0000E-06,+4.2237261417E+00,+9.9799976349E+00
+29.2500E-06,+4.2114145835E+00,+9.9161282852E+00
+29.5000E-06,+4.1818668437E+00,+10.0315051749E+00
+29.7500E-06,+4.1129221176E+00,+9.9449725077E+00
+30.0000E-06,+4.1055351826E+00,+10.0459272861E+00
+30.2500E-06,+4.0956859360E+00,+9.9161282852E+00
+30.5000E-06,+4.0464397031E+00,+9.9655755237E+00
+30.7500E-06,+3.9738015095E+00,+10.0109021589E+00
+31.0000E-06,+4.0045804051E+00,+9.9140679836E+00
+31.2500E-06,+3.8974698484E+00,+9.9799976349E+00
+31.5000E-06,+3.8974698484E+00,+9.9944197461E+00
+31.7500E-06,+3.8974698484E+00,+9.9799976349E+00
+32.0000E-06,+3.8863894460E+00,+9.9140679836E+00
+32.2500E-06,+3.7805100451E+00,+10.0438669846E+00
+32.5000E-06,+3.7706607985E+00,+9.9944197461E+00
+32.7500E-06,+3.7374195913E+00,+9.9758770317E+00
+33.0000E-06,+3.7115653190E+00,+9.9799976349E+00
+33.2500E-06,+3.6229220997E+00,+9.9799976349E+00
+33.5000E-06,+3.6216909438E+00,+9.9429122061E+00
+33.7500E-06,+3.6007612948E+00,+9.9799976349E+00
+34.0000E-06,+3.5428969711E+00,+9.9799976349E+00
+34.2500E-06,+3.6204597880E+00,+9.9140679836E+00
+34.5000E-06,+3.5736758667E+00,+10.0315051749E+00
+34.7500E-06,+3.5034999847E+00,+10.0459272861E+00
+35.0000E-06,+3.4641029984E+00,+9.9799976349E+00
+35.2500E-06,+3.4641029984E+00,+9.9161282852E+00
+35.5000E-06,+3.4554849076E+00,+9.9799976349E+00
+35.7500E-06,+3.3877713373E+00,+9.9799976349E+00
+36.0000E-06,+3.3348316369E+00,+9.9140679836E+00
+36.2500E-06,+3.3459120393E+00,+9.9161282852E+00
+36.5000E-06,+3.2843542481E+00,+9.9511534125E+00
+36.7500E-06,+3.3065150529E+00,+9.9799976349E+00
+37.0000E-06,+3.2388014826E+00,+9.9326106980E+00
+37.2500E-06,+3.3028215855E+00,+9.9799976349E+00
+37.5000E-06,+3.2277210802E+00,+9.9284900948E+00
+37.7500E-06,+3.1883240938E+00,+9.9799976349E+00
+38.0000E-06,+3.1489271075E+00,+9.9799976349E+00
+38.2500E-06,+3.2252587685E+00,+9.9161282852E+00
+38.5000E-06,+3.1095301211E+00,+9.9284900948E+00
+38.7500E-06,+3.0886004721E+00,+9.9490931109E+00
+39.0000E-06,+3.0701331347E+00,+9.9140679836E+00
+39.2500E-06,+3.0689019789E+00,+9.9140679836E+00
+39.5000E-06,+3.0615150440E+00,+9.9655755237E+00
+39.7500E-06,+2.9913391620E+00,+9.9449725077E+00
+40.0000E-06,+2.9741029805E+00,+9.9614549205E+00
+40.2500E-06,+2.9913391620E+00,+9.9799976349E+00
+40.5000E-06,+2.9605602664E+00,+9.9799976349E+00
+40.7500E-06,+2.9150075009E+00,+9.9758770317E+00
+41.0000E-06,+2.9297813708E+00,+9.9799976349E+00
+41.2500E-06,+2.9125451893E+00,+9.9820579365E+00
+41.5000E-06,+2.8953090077E+00,+9.9799976349E+00
+41.7500E-06,+2.8940778519E+00,+9.9490931109E+00
+42.0000E-06,+2.8448316189E+00,+9.9985403493E+00
+42.2500E-06,+2.7943542302E+00,+9.9779373333E+00
+42.5000E-06,+2.7857361394E+00,+9.9655755237E+00
+42.7500E-06,+2.7968165418E+00,+9.9490931109E+00
+43.0000E-06,+2.7832738278E+00,+9.9614549205E+00
+43.2500E-06,+2.7167914133E+00,+10.0418066830E+00
+43.5000E-06,+2.7463391530E+00,+9.9655755237E+00
+43.7500E-06,+2.7180225691E+00,+10.0109021589E+00
+44.0000E-06,+2.6761632711E+00,+9.9614549205E+00
+44.2500E-06,+2.6761632711E+00,+9.9140679836E+00
+44.5000E-06,+2.6847813618E+00,+9.9655755237E+00
+44.7500E-06,+2.6761632711E+00,+9.9140679836E+00
+45.0000E-06,+2.6195301032E+00,+10.0088418573E+00
+45.2500E-06,+2.6367662847E+00,+10.0418066830E+00
+45.5000E-06,+2.6281481939E+00,+9.9655755237E+00
+45.7500E-06,+2.5949069867E+00,+9.9490931109E+00
+46.0000E-06,+2.6367662847E+00,+9.9799976349E+00
+46.2500E-06,+2.5961381425E+00,+9.9779373333E+00
+46.5000E-06,+2.5358115071E+00,+9.9429122061E+00
+46.7500E-06,+2.5579723120E+00,+9.9449725077E+00
+47.0000E-06,+2.5579723120E+00,+9.9799976349E+00
+47.2500E-06,+2.5555100003E+00,+9.9161282852E+00
+47.5000E-06,+2.5099572348E+00,+9.9284900948E+00
+47.7500E-06,+2.4976456766E+00,+9.9799976349E+00
+48.0000E-06,+2.4619421577E+00,+9.9140679836E+00
+48.2500E-06,+2.4791783392E+00,+9.8501986340E+00
+48.5000E-06,+2.4791783392E+00,+9.9284900948E+00
+48.7500E-06,+2.4791783392E+00,+9.9490931109E+00
+49.0000E-06,+2.4225451713E+00,+9.9326106980E+00
+49.2500E-06,+2.4397813529E+00,+9.9181885868E+00
+49.5000E-06,+2.4176205481E+00,+9.9284900948E+00
+49.7500E-06,+2.4397813529E+00,+10.0109021589E+00
+50.0000E-06,+2.4003843665E+00,+9.9799976349E+00
+50.2500E-06,+2.3634496918E+00,+9.9161282852E+00
+50.5000E-06,+2.3917662757E+00,+9.9799976349E+00
+50.7500E-06,+2.4003843665E+00,+9.9490931109E+00
+51.0000E-06,+2.4003843665E+00,+9.9140679836E+00
+51.2500E-06,+2.3228215496E+00,+9.9120076820E+00
+51.5000E-06,+2.3917662757E+00,+9.9284900948E+00
+51.7500E-06,+2.3400577311E+00,+9.9449725077E+00
+52.0000E-06,+2.3326707962E+00,+9.9326106980E+00
+52.2500E-06,+2.3228215496E+00,+9.9140679836E+00
+52.5000E-06,+2.3302084846E+00,+9.9655755237E+00
+52.7500E-06,+2.3215903938E+00,+9.9799976349E+00
+53.0000E-06,+2.3215903938E+00,+9.9326106980E+00
+53.2500E-06,+2.2834245632E+00,+9.9140679836E+00
+53.5000E-06,+2.3523692894E+00,+9.9799976349E+00
+53.7500E-06,+2.2797310958E+00,+9.9449725077E+00
+54.0000E-06,+2.2711130050E+00,+10.0088418573E+00
+54.2500E-06,+2.2821934074E+00,+9.9799976349E+00
+54.5000E-06,+2.2821934074E+00,+9.9799976349E+00
+54.7500E-06,+2.2637260701E+00,+9.9140679836E+00
+55.0000E-06,+2.2711130050E+00,+9.9799976349E+00
+55.2500E-06,+2.2058617463E+00,+9.9161282852E+00
+55.5000E-06,+2.2427964211E+00,+9.9799976349E+00
+55.7500E-06,+2.2243290837E+00,+9.9490931109E+00
+56.0000E-06,+2.2144798371E+00,+9.9326106980E+00
+56.2500E-06,+2.2415652652E+00,+9.9161282852E+00
+56.5000E-06,+2.2341783303E+00,+9.9140679836E+00
+56.7500E-06,+2.2243290837E+00,+9.9449725077E+00
+57.0000E-06,+2.2317160186E+00,+9.9614549205E+00
+57.2500E-06,+2.2021682789E+00,+10.0418066830E+00
+57.5000E-06,+2.2033994347E+00,+9.9284900948E+00
+57.7500E-06,+2.1849320973E+00,+9.9490931109E+00
+58.0000E-06,+2.1640024483E+00,+9.8666810468E+00
+58.2500E-06,+2.2046305905E+00,+9.9799976349E+00
+58.5000E-06,+2.2033994347E+00,+9.9655755237E+00
+58.7500E-06,+2.1640024483E+00,+9.9799976349E+00
+59.0000E-06,+2.2033994347E+00,+9.9429122061E+00
+59.2500E-06,+2.2033994347E+00,+9.9161282852E+00
+59.5000E-06,+2.2033994347E+00,+9.9511534125E+00
+59.7500E-06,+2.1640024483E+00,+9.9799976349E+00
+60.0000E-06,+2.1640024483E+00,+9.9985403493E+00
+60.2500E-06,+2.2046305905E+00,+9.9161282852E+00
+60.5000E-06,+2.1332235527E+00,+9.9140679836E+00
+60.7500E-06,+2.1615401367E+00,+9.9799976349E+00
+61.0000E-06,+2.1307612411E+00,+9.9799976349E+00
+61.2500E-06,+2.1246054620E+00,+9.9779373333E+00
+61.5000E-06,+2.1640024483E+00,+9.9655755237E+00
+61.7500E-06,+2.1036758130E+00,+9.9490931109E+00
+62.0000E-06,+2.1356858644E+00,+9.9902991429E+00
+62.2500E-06,+2.1615401367E+00,+9.9779373333E+00
+62.5000E-06,+2.0938265664E+00,+9.9655755237E+00
+62.7500E-06,+2.1246054620E+00,+9.8831634596E+00
+63.0000E-06,+2.0852084756E+00,+9.9614549205E+00
+63.2500E-06,+2.1246054620E+00,+9.8501986340E+00
+63.5000E-06,+2.1024446571E+00,+9.9655755237E+00
+63.7500E-06,+2.1455351110E+00,+9.9799976349E+00
+64.0000E-06,+2.1246054620E+00,+9.9799976349E+00
+64.2500E-06,+2.1246054620E+00,+9.9140679836E+00
+64.5000E-06,+2.0852084756E+00,+9.9284900948E+00
+64.7500E-06,+2.0852084756E+00,+9.9799976349E+00
+65.0000E-06,+2.0852084756E+00,+9.9614549205E+00
+65.2500E-06,+2.0852084756E+00,+9.9799976349E+00
+65.5000E-06,+2.1159873712E+00,+9.9140679836E+00
+65.7500E-06,+2.0852084756E+00,+9.9449725077E+00
+66.0000E-06,+2.1246054620E+00,+9.9140679836E+00
+66.2500E-06,+2.0839773198E+00,+9.9140679836E+00
+66.5000E-06,+2.1073692804E+00,+9.9140679836E+00
+66.7500E-06,+2.0827461639E+00,+9.9449725077E+00
+67.0000E-06,+2.0962888780E+00,+9.9140679836E+00
+67.2500E-06,+2.0852084756E+00,+9.9779373333E+00
+67.5000E-06,+2.0852084756E+00,+9.9284900948E+00
+67.7500E-06,+2.0876707872E+00,+9.9799976349E+00
+68.0000E-06,+2.0852084756E+00,+9.9326106980E+00
+68.2500E-06,+2.0839773198E+00,+9.9758770317E+00
+68.5000E-06,+2.0938265664E+00,+9.9284900948E+00
+68.7500E-06,+2.1036758130E+00,+9.9140679836E+00
+69.0000E-06,+2.0458114892E+00,+9.9326106980E+00
+69.2500E-06,+2.0864396314E+00,+9.9779373333E+00
+69.5000E-06,+2.0458114892E+00,+9.9284900948E+00
+69.7500E-06,+2.1061381246E+00,+9.9140679836E+00
+70.0000E-06,+2.0741280732E+00,+9.9429122061E+00
+70.2500E-06,+2.0470426450E+00,+9.9758770317E+00
+70.5000E-06,+2.0322687752E+00,+9.9655755237E+00
+70.7500E-06,+2.0692034499E+00,+9.9449725077E+00
+71.0000E-06,+2.0568918916E+00,+9.9799976349E+00
+71.2500E-06,+2.1221431503E+00,+9.9161282852E+00
+71.5000E-06,+2.0630476708E+00,+9.8769825548E+00
+71.7500E-06,+2.0667411382E+00,+9.9532137140E+00
+72.0000E-06,+2.0962888780E+00,+9.9140679836E+00
+72.2500E-06,+2.0470426450E+00,+9.9181885868E+00
+72.5000E-06,+2.0150325936E+00,+9.9284900948E+00
+72.7500E-06,+2.0876707872E+00,+9.9140679836E+00
+73.0000E-06,+2.0568918916E+00,+9.9326106980E+00
+73.2500E-06,+2.0458114892E+00,+10.0418066830E+00
+73.5000E-06,+2.0458114892E+00,+9.8625604436E+00
+73.7500E-06,+2.0667411382E+00,+9.9490931109E+00
+74.0000E-06,+2.0852084756E+00,+9.9140679836E+00
+74.2500E-06,+2.0839773198E+00,+10.0418066830E+00
+74.5000E-06,+2.0458114892E+00,+9.8769825548E+00
+74.7500E-06,+2.0642788266E+00,+9.9799976349E+00
+75.0000E-06,+2.0630476708E+00,+9.9140679836E+00
+75.2500E-06,+2.0827461640E+00,+9.9799976349E+00
+75.5000E-06,+2.0679722940E+00,+9.9655755237E+00
+75.7500E-06,+2.0273441519E+00,+9.9140679836E+00
+76.0000E-06,+2.0741280732E+00,+9.9326106980E+00
+76.2500E-06,+2.0839773198E+00,+9.9161282852E+00
+76.5000E-06,+2.0630476708E+00,+9.9429122061E+00
+76.7500E-06,+2.0852084756E+00,+9.8790428564E+00
+77.0000E-06,+2.0174949053E+00,+9.9614549205E+00
+77.2500E-06,+2.0852084756E+00,+9.9140679836E+00
+77.5000E-06,+2.0458114892E+00,+9.9655755237E+00
+77.7500E-06,+2.0273441519E+00,+9.9490931109E+00
+78.0000E-06,+2.0568918916E+00,+9.9614549205E+00
+78.2500E-06,+2.0076456587E+00,+9.9779373333E+00
+78.5000E-06,+2.0765903848E+00,+9.9799976349E+00
+78.7500E-06,+2.0273441519E+00,+9.9140679836E+00
+79.0000E-06,+2.0347310868E+00,+9.8852237612E+00
+79.2500E-06,+2.0827461640E+00,+9.9799976349E+00
+79.5000E-06,+2.0544295800E+00,+9.9140679836E+00
+79.7500E-06,+2.0852084756E+00,+9.8831634596E+00
+80.0000E-06,+2.0174949053E+00,+9.9614549205E+00
+80.2500E-06,+2.0470426450E+00,+9.9161282852E+00
+80.5000E-06,+2.0630476708E+00,+9.9140679836E+00
+80.7500E-06,+2.0273441519E+00,+9.9490931109E+00
+81.0000E-06,+2.0852084756E+00,+9.9140679836E+00
+81.2500E-06,+2.0470426450E+00,+9.8522589356E+00
+81.5000E-06,+2.0544295800E+00,+9.9799976349E+00
+81.7500E-06,+2.0248818402E+00,+9.9140679836E+00
+82.0000E-06,+2.0852084756E+00,+9.9511534124E+00
+82.2500E-06,+2.0470426450E+00,+9.9161282852E+00
+82.5000E-06,+2.0544295800E+00,+9.9140679836E+00
+82.7500E-06,+2.0852084756E+00,+9.9841182381E+00
+83.0000E-06,+2.0347310868E+00,+9.9140679836E+00
+83.2500E-06,+2.0839773198E+00,+9.9799976349E+00
+83.5000E-06,+2.0765903848E+00,+9.9284900948E+00
+83.7500E-06,+2.0482738009E+00,+9.8831634596E+00
+84.0000E-06,+2.0568918916E+00,+9.8666810468E+00
+84.2500E-06,+2.0458114892E+00,+9.9120076820E+00
+84.5000E-06,+2.0371933985E+00,+9.9799976349E+00
+84.7500E-06,+2.0224195286E+00,+9.9140679836E+00
+85.0000E-06,+2.0458114892E+00,+9.9140679836E+00
+85.2500E-06,+2.0445803334E+00,+9.9799976349E+00
+85.5000E-06,+2.0150325936E+00,+9.9284900949E+00
+85.7500E-06,+2.0642788266E+00,+9.9490931108E+00
+86.0000E-06,+2.0064145029E+00,+9.9326106980E+00
+86.2500E-06,+2.0458114892E+00,+9.9140679836E+00
+86.5000E-06,+2.0679722940E+00,+9.9140679836E+00
+86.7500E-06,+2.0458114892E+00,+9.9490931108E+00
+87.0000E-06,+2.0630476708E+00,+9.9799976349E+00
+87.2500E-06,+2.0088768145E+00,+9.9140679836E+00
+87.5000E-06,+2.0150325936E+00,+10.0170830637E+00
+87.7500E-06,+2.0458114892E+00,+10.0109021589E+00
+88.0000E-06,+2.0741280732E+00,+9.9140679836E+00
+88.2500E-06,+2.0458114892E+00,+9.9161282852E+00
+88.5000E-06,+2.0765903848E+00,+9.9655755237E+00
+88.7500E-06,+2.0273441519E+00,+9.9841182381E+00
+89.0000E-06,+2.0568918916E+00,+9.9614549205E+00
+89.2500E-06,+2.1221431503E+00,+9.9140679836E+00
+89.5000E-06,+2.0458114892E+00,+9.9655755237E+00
+89.7500E-06,+2.0852084756E+00,+9.9449725077E+00
+90.0000E-06,+2.0568918916E+00,+9.9799976349E+00
+90.2500E-06,+2.0852084756E+00,+9.9161282852E+00
+90.5000E-06,+2.0458114892E+00,+9.8481383324E+00
+90.7500E-06,+2.0642788266E+00,+9.8831634596E+00
+91.0000E-06,+2.0458114892E+00,+9.9799976349E+00
+91.2500E-06,+2.0827461640E+00,+9.9799976349E+00
+91.5000E-06,+2.0371933985E+00,+10.0170830637E+00
+91.7500E-06,+2.0273441519E+00,+9.9140679836E+00
+92.0000E-06,+2.0174949053E+00,+9.8666810468E+00
+92.2500E-06,+2.0839773198E+00,+9.9140679836E+00
+92.5000E-06,+2.0458114892E+00,+9.8769825548E+00
+92.7500E-06,+2.0642788266E+00,+9.9140679836E+00
+93.0000E-06,+2.0174949053E+00,+9.8852237612E+00
+93.2500E-06,+2.0852084756E+00,+9.9161282852E+00
+93.5000E-06,+2.0544295800E+00,+9.9140679836E+00
+93.7500E-06,+2.0667411382E+00,+9.9449725077E+00
+94.0000E-06,+2.0568918916E+00,+9.9140679836E+00
+94.2500E-06,+2.0839773198E+00,+9.9758770317E+00
+94.5000E-06,+2.0852084756E+00,+9.9140679836E+00
+94.7500E-06,+2.0852084756E+00,+9.9449725077E+00
+95.0000E-06,+2.0458114892E+00,+9.9614549205E+00
+95.2500E-06,+2.0852084756E+00,+9.9779373333E+00
+95.5000E-06,+2.0236506844E+00,+9.9429122061E+00
+95.7500E-06,+2.0458114892E+00,+9.9799976349E+00
+96.0000E-06,+2.0741280732E+00,+9.9799976349E+00
+96.2500E-06,+2.0076456587E+00,+9.9161282852E+00
+96.5000E-06,+2.0765903848E+00,+9.9655755237E+00
+96.7500E-06,+2.0642788266E+00,+9.9490931108E+00
+97.0000E-06,+2.0458114892E+00,+9.9614549205E+00
+97.2500E-06,+2.0076456587E+00,+9.9161282852E+00
+97.5000E-06,+2.0458114892E+00,+9.9944197461E+00
+97.7500E-06,+2.0458114892E+00,+9.9140679836E+00
+98.0000E-06,+2.0741280732E+00,+9.9326106980E+00
+98.2500E-06,+2.0852084756E+00,+9.9799976349E+00
+98.5000E-06,+2.0458114892E+00,+9.9655755237E+00
+98.7500E-06,+2.0667411382E+00,+9.9799976349E+00
+99.0000E-06,+2.0741280732E+00,+9.9614549205E+00
+99.2500E-06,+2.0470426450E+00,+9.9161282852E+00
+99.5000E-06,+2.1246054620E+00,+9.9284900949E+00
+99.7500E-06,+2.0433491776E+00,+9.9799976349E+00
+100.0000E-06,+2.0852084756E+00,+9.9140679836E+00
+100.2500E-06,+2.0470426450E+00,+9.9120076820E+00
+100.5000E-06,+2.0458114892E+00,+9.8996458724E+00
+100.7500E-06,+2.0273441519E+00,+9.8790428564E+00
+101.0000E-06,+2.0174949053E+00,+9.9140679836E+00
+101.2500E-06,+2.0827461640E+00,+9.9120076820E+00
+101.5000E-06,+2.0458114892E+00,+9.9655755237E+00
+101.7500E-06,+2.0273441519E+00,+9.9490931108E+00
+102.0000E-06,+2.0741280732E+00,+9.9614549205E+00
+102.2500E-06,+2.0852084756E+00,+9.8501986340E+00
+102.5000E-06,+2.0371933984E+00,+10.0170830637E+00
+102.7500E-06,+2.0458114892E+00,+9.9490931108E+00
+103.0000E-06,+2.0741280732E+00,+10.0088418573E+00
+103.2500E-06,+2.0470426450E+00,+9.9799976349E+00
+103.5000E-06,+2.0458114892E+00,+9.9511534124E+00
+103.7500E-06,+2.1061381246E+00,+9.9799976349E+00
+104.0000E-06,+2.0458114892E+00,+9.9614549205E+00
+104.2500E-06,+2.0458114892E+00,+9.9140679836E+00
+104.5000E-06,+2.0679722940E+00,+9.9429122061E+00
+104.7500E-06,+2.0248818402E+00,+9.9140679836E+00
+105.0000E-06,+2.0852084756E+00,+9.9326106980E+00
+105.2500E-06,+2.0839773198E+00,+9.9799976349E+00
+105.5000E-06,+2.0458114892E+00,+9.9655755237E+00
+105.7500E-06,+2.0642788266E+00,+9.9140679836E+00
+106.0000E-06,+2.0913642547E+00,+9.9326106980E+00
+106.2500E-06,+2.1221431503E+00,+9.8543192371E+00
+106.5000E-06,+2.0544295800E+00,+9.9140679836E+00
+106.7500E-06,+2.0064145029E+00,+9.9140679836E+00
+107.0000E-06,+2.0568918916E+00,+9.9326106980E+00
+107.2500E-06,+2.0470426450E+00,+9.9161282852E+00
+107.5000E-06,+2.0544295800E+00,+9.9799976349E+00
+107.7500E-06,+2.0876707872E+00,+9.9490931108E+00
+108.0000E-06,+2.0568918916E+00,+9.9326106980E+00
+108.2500E-06,+2.0458114892E+00,+9.9799976349E+00
+108.5000E-06,+2.0544295800E+00,+9.9140679836E+00
+108.7500E-06,+2.0852084756E+00,+9.9490931108E+00
+109.0000E-06,+2.0741280732E+00,+9.9140679836E+00
+109.2500E-06,+2.0458114892E+00,+9.9779373333E+00
+109.5000E-06,+2.0765903848E+00,+9.9140679836E+00
+109.7500E-06,+2.0273441519E+00,+9.9490931108E+00
+110.0000E-06,+2.0458114892E+00,+9.9326106980E+00
+110.2500E-06,+2.0470426450E+00,+9.9799976349E+00
+110.5000E-06,+2.0322687752E+00,+9.9655755237E+00
+110.7500E-06,+2.0458114892E+00,+9.9449725077E+00
+111.0000E-06,+2.0962888780E+00,+9.9140679836E+00
+111.2500E-06,+2.0827461640E+00,+9.9779373333E+00
+111.5000E-06,+2.1381481760E+00,+9.9284900949E+00
+111.7500E-06,+2.0273441519E+00,+9.9449725077E+00
+112.0000E-06,+2.0458114892E+00,+9.9326106980E+00
+112.2500E-06,+2.0470426450E+00,+9.9181885868E+00
+112.5000E-06,+2.0765903848E+00,+10.0315051749E+00
+112.7500E-06,+2.0852084756E+00,+9.9140679836E+00
+113.0000E-06,+2.0568918916E+00,+9.9614549205E+00
+113.2500E-06,+2.1221431503E+00,+9.9799976349E+00
+113.5000E-06,+2.0458114892E+00,+9.9799976349E+00
+113.7500E-06,+2.0458114892E+00,+9.9799976349E+00
+114.0000E-06,+2.0852084756E+00,+9.9614549205E+00
+114.2500E-06,+2.0852084756E+00,+10.0418066830E+00
+114.5000E-06,+2.0458114892E+00,+9.8996458724E+00
+114.7500E-06,+2.0248818402E+00,+9.9140679836E+00
+115.0000E-06,+2.0962888780E+00,+10.0273845717E+00
+115.2500E-06,+2.0839773198E+00,+9.9161282852E+00
+115.5000E-06,+2.0544295800E+00,+9.9284900949E+00
+115.7500E-06,+2.0458114892E+00,+9.9490931108E+00
+116.0000E-06,+2.0458114892E+00,+9.9614549205E+00
+116.2500E-06,+2.0839773198E+00,+9.9140679836E+00
+116.5000E-06,+2.0765903848E+00,+9.9284900949E+00
+116.7500E-06,+2.0433491776E+00,+9.9140679836E+00
+117.0000E-06,+2.0741280732E+00,+9.9985403493E+00
+117.2500E-06,+2.0470426450E+00,+9.9779373333E+00
+117.5000E-06,+2.0679722940E+00,+9.9799976349E+00
+117.7500E-06,+2.0248818402E+00,+9.9181885868E+00
+118.0000E-06,+2.0568918916E+00,+9.9326106980E+00
+118.2500E-06,+2.0470426450E+00,+10.0418066830E+00
+118.5000E-06,+2.0458114892E+00,+9.9429122061E+00
+118.7500E-06,+2.1246054620E+00,+9.9140679836E+00
+119.0000E-06,+2.0852084756E+00,+9.9429122061E+00
+119.2500E-06,+2.0458114892E+00,+9.9161282852E+00
+119.5000E-06,+2.0765903848E+00,+9.9799976349E+00
+119.7500E-06,+2.0667411382E+00,+9.9181885868E+00
+120.0000E-06,+2.0852084756E+00,+9.9799976349E+00
+120.2500E-06,+2.0852084756E+00,+9.9161282852E+00
+120.5000E-06,+2.0371933984E+00,+9.9655755237E+00
+120.7500E-06,+2.0458114892E+00,+9.9799976349E+00
+121.0000E-06,+2.0852084756E+00,+9.9799976349E+00
+121.2500E-06,+2.0852084756E+00,+9.9140679836E+00
+121.5000E-06,+2.0150325936E+00,+9.9944197461E+00
+121.7500E-06,+2.0827461640E+00,+9.9140679836E+00
+122.0000E-06,+2.0741280732E+00,+9.9326106980E+00
+122.2500E-06,+2.0470426450E+00,+9.9120076820E+00
+122.5000E-06,+2.0765903848E+00,+9.9140679836E+00
+122.7500E-06,+2.0064145029E+00,+9.9490931108E+00
+123.0000E-06,+2.0568918916E+00,+9.9326106980E+00
+123.2500E-06,+2.0470426450E+00,+9.9799976349E+00
+123.5000E-06,+2.0765903848E+00,+9.8769825548E+00
+123.7500E-06,+2.0458114892E+00,+9.9449725077E+00
+124.0000E-06,+2.0568918916E+00,+9.9326106980E+00
+124.2500E-06,+2.0852084756E+00,+9.8522589355E+00
+124.5000E-06,+2.0371933984E+00,+9.8996458724E+00
+124.7500E-06,+2.0458114892E+00,+9.9841182381E+00
+125.0000E-06,+2.0174949053E+00,+9.9140679836E+00
+125.2500E-06,+2.0470426450E+00,+9.9799976349E+00
+125.5000E-06,+2.0236506844E+00,+9.9655755237E+00
+125.7500E-06,+2.0248818402E+00,+9.9490931108E+00
+126.0000E-06,+2.1024446571E+00,+10.0459272861E+00
+126.2500E-06,+2.0839773198E+00,+9.9779373333E+00
+126.5000E-06,+2.0150325936E+00,+9.9511534124E+00
+126.7500E-06,+2.0273441519E+00,+9.9490931108E+00
+127.0000E-06,+2.0458114892E+00,+9.9799976349E+00
+127.2500E-06,+2.0458114892E+00,+9.9799976349E+00
+127.5000E-06,+2.0544295800E+00,+9.9284900949E+00
+127.7500E-06,+2.0642788266E+00,+9.9490931108E+00
+128.0000E-06,+2.0741280732E+00,+9.9799976349E+00
+128.2500E-06,+2.0445803334E+00,+9.9161282852E+00
+128.5000E-06,+2.0458114892E+00,+9.9284900949E+00
+128.7500E-06,+2.1061381246E+00,+9.9490931108E+00
+129.0000E-06,+2.0741280732E+00,+9.9140679836E+00
+129.2500E-06,+2.0470426450E+00,+9.9779373333E+00
+129.5000E-06,+2.0150325936E+00,+9.9284900949E+00
+129.7500E-06,+2.0482738009E+00,+9.9490931108E+00
+130.0000E-06,+2.0741280732E+00,+9.9326106980E+00
+130.2500E-06,+2.0470426450E+00,+9.9779373333E+00
+130.5000E-06,+2.0765903848E+00,+9.9284900949E+00
+130.7500E-06,+2.0458114892E+00,+9.9490931108E+00
+131.0000E-06,+2.0568918916E+00,+9.9326106980E+00
+131.2500E-06,+2.0470426450E+00,+9.9799976349E+00
+131.5000E-06,+2.0544295800E+00,+9.9284900949E+00
+131.7500E-06,+2.0852084756E+00,+9.9490931108E+00
+132.0000E-06,+2.0458114892E+00,+9.9140679836E+00
+132.2500E-06,+2.1221431503E+00,+9.9799976349E+00
+132.5000E-06,+2.0765903848E+00,+9.9140679836E+00
+132.7500E-06,+2.0642788266E+00,+9.9490931108E+00
+133.0000E-06,+2.0852084756E+00,+9.9799976349E+00
+133.2500E-06,+2.0445803334E+00,+9.9140679836E+00
+133.5000E-06,+2.0322687752E+00,+9.9655755237E+00
+133.7500E-06,+2.0273441519E+00,+9.9799976349E+00
+134.0000E-06,+2.0568918916E+00,+9.9614549205E+00
+134.2500E-06,+2.0852084756E+00,+9.9140679836E+00
+134.5000E-06,+2.0765903848E+00,+9.9140679836E+00
+134.7500E-06,+2.0852084756E+00,+9.9490931108E+00
+135.0000E-06,+2.0568918916E+00,+9.9326106980E+00
+135.2500E-06,+2.1221431503E+00,+9.9161282852E+00
+135.5000E-06,+2.0150325936E+00,+9.9140679836E+00
+135.7500E-06,+2.0876707872E+00,+9.9181885868E+00
+136.0000E-06,+2.0741280732E+00,+9.9799976349E+00
+136.2500E-06,+2.0839773198E+00,+9.9799976349E+00
+136.5000E-06,+2.0236506844E+00,+9.9284900949E+00
+136.7500E-06,+2.0273441519E+00,+9.9490931108E+00
+137.0000E-06,+2.0913642547E+00,+10.0088418574E+00
+137.2500E-06,+2.0470426450E+00,+9.9799976349E+00
+137.5000E-06,+2.0458114892E+00,+9.9799976349E+00
+137.7500E-06,+2.0852084756E+00,+9.9140679836E+00
+138.0000E-06,+2.0741280732E+00,+9.9326106980E+00
+138.2500E-06,+2.0482738008E+00,+9.9140679836E+00
+138.5000E-06,+2.0544295800E+00,+9.9655755237E+00
+138.7500E-06,+2.0667411382E+00,+9.9099473805E+00
+139.0000E-06,+2.0458114892E+00,+9.9799976349E+00
+139.2500E-06,+2.0458114892E+00,+9.9161282852E+00
+139.5000E-06,+2.0458114892E+00,+9.8625604436E+00
+139.7500E-06,+2.0642788266E+00,+9.8831634596E+00
+140.0000E-06,+2.0741280732E+00,+9.9614549205E+00
+140.2500E-06,+2.0445803334E+00,+9.9799976349E+00
+140.5000E-06,+2.0458114892E+00,+9.9799976349E+00
+140.7500E-06,+2.0667411382E+00,+9.9490931108E+00
+141.0000E-06,+2.0679722940E+00,+9.9614549205E+00
+141.2500E-06,+2.0458114892E+00,+9.9161282852E+00
+141.5000E-06,+2.0852084756E+00,+9.8769825548E+00
+141.7500E-06,+2.0458114892E+00,+9.8481383324E+00
+142.0000E-06,+2.1024446571E+00,+9.9140679836E+00
+142.2500E-06,+2.0839773198E+00,+9.9161282852E+00
+142.5000E-06,+2.0765903848E+00,+9.9284900949E+00
+142.7500E-06,+2.0458114892E+00,+9.8790428564E+00
+143.0000E-06,+2.0741280732E+00,+9.8955252692E+00
+143.2500E-06,+2.0827461640E+00,+9.9799976349E+00
+143.5000E-06,+2.0236506844E+00,+9.8625604436E+00
+143.7500E-06,+2.0852084756E+00,+9.9799976349E+00
+144.0000E-06,+2.0458114892E+00,+9.9326106980E+00
+144.2500E-06,+2.0839773198E+00,+9.9779373333E+00
+144.5000E-06,+2.0852084756E+00,+9.9799976349E+00
+144.7500E-06,+2.0852084756E+00,+9.9490931108E+00
+145.0000E-06,+2.0174949053E+00,+9.9614549205E+00
+145.2500E-06,+2.0852084756E+00,+9.9820579365E+00
+145.5000E-06,+2.0716657616E+00,+9.9284900949E+00
+145.7500E-06,+2.0642788266E+00,+9.9449725077E+00
+146.0000E-06,+2.0568918916E+00,+9.9799976349E+00
+146.2500E-06,+2.0458114892E+00,+9.9779373333E+00
+146.5000E-06,+2.0852084756E+00,+9.9284900949E+00
+146.7500E-06,+2.0433491776E+00,+9.9449725077E+00
+147.0000E-06,+2.0458114892E+00,+9.9614549205E+00
+147.2500E-06,+2.1615401367E+00,+9.8543192371E+00
+147.5000E-06,+2.0852084756E+00,+9.9140679836E+00
+147.7500E-06,+2.0642788266E+00,+9.9799976349E+00
+148.0000E-06,+2.0852084756E+00,+9.9614549205E+00
+148.2500E-06,+2.0088768145E+00,+9.9161282852E+00
+148.5000E-06,+2.0765903848E+00,+9.9511534124E+00
+148.7500E-06,+2.0876707872E+00,+9.9140679836E+00
+149.0000E-06,+2.0741280732E+00,+9.9140679836E+00
+149.2500E-06,+2.0839773198E+00,+9.9161282852E+00
+149.5000E-06,+2.0458114892E+00,+9.8769825548E+00
+149.7500E-06,+2.0876707872E+00,+9.9140679836E+00
+150.0000E-06,+2.0741280732E+00,+9.9326106980E+00
+150.2500E-06,+2.0852084756E+00,+9.9779373333E+00
+150.5000E-06,+2.0458114892E+00,+9.9799976349E+00
+150.7500E-06,+2.0876707872E+00,+9.9449725077E+00
+151.0000E-06,+2.0568918916E+00,+9.9140679836E+00
+151.2500E-06,+2.0827461640E+00,+9.9161282852E+00
+151.5000E-06,+2.0852084756E+00,+9.9799976349E+00
+151.7500E-06,+2.1061381246E+00,+9.9140679836E+00
+152.0000E-06,+2.0852084756E+00,+9.9140679836E+00
+152.2500E-06,+2.0458114892E+00,+9.9161282852E+00
+152.5000E-06,+2.0544295800E+00,+9.9284900949E+00
+152.7500E-06,+2.0642788266E+00,+9.9490931108E+00
+153.0000E-06,+2.0630476708E+00,+9.9326106980E+00
+153.2500E-06,+2.0458114892E+00,+9.9779373333E+00
+153.5000E-06,+2.0765903848E+00,+9.8769825548E+00
+153.7500E-06,+2.0273441519E+00,+9.9181885868E+00
+154.0000E-06,+2.0568918916E+00,+9.9799976349E+00
+154.2500E-06,+2.0470426450E+00,+9.9140679836E+00
+154.5000E-06,+2.0371933984E+00,+9.9944197461E+00
+154.7500E-06,+2.0667411382E+00,+9.9490931108E+00
+155.0000E-06,+2.0568918916E+00,+9.9326106980E+00
+155.2500E-06,+2.0470426450E+00,+9.9799976349E+00
+155.5000E-06,+2.0544295800E+00,+9.8625604436E+00
+155.7500E-06,+2.0667411382E+00,+9.9140679836E+00
+156.0000E-06,+2.0458114892E+00,+9.9326106980E+00
+156.2500E-06,+2.0470426450E+00,+9.9140679836E+00
+156.5000E-06,+2.0852084756E+00,+9.9655755237E+00
+156.7500E-06,+2.0273441519E+00,+9.9140679836E+00
+157.0000E-06,+2.1024446572E+00,+9.9326106980E+00
+157.2500E-06,+2.0470426450E+00,+9.9779373333E+00
+157.5000E-06,+2.0852084756E+00,+9.9140679836E+00
+157.7500E-06,+2.0642788266E+00,+9.8790428564E+00
+158.0000E-06,+2.0741280732E+00,+9.9799976349E+00
+158.2500E-06,+2.0470426450E+00,+9.9161282852E+00
+158.5000E-06,+2.0458114892E+00,+9.9140679836E+00
+158.7500E-06,+2.1061381246E+00,+9.9140679836E+00
+159.0000E-06,+2.0285753077E+00,+9.8955252692E+00
+159.2500E-06,+2.1221431503E+00,+9.9140679836E+00
+159.5000E-06,+2.0458114892E+00,+9.9140679836E+00
+159.7500E-06,+2.0852084756E+00,+9.9140679836E+00
+160.0000E-06,+2.0458114892E+00,+9.9140679836E+00
+160.2500E-06,+2.0470426450E+00,+9.9181885868E+00
+160.5000E-06,+2.0765903848E+00,+9.9655755236E+00
+160.7500E-06,+2.0667411382E+00,+9.9140679836E+00
+161.0000E-06,+2.0741280732E+00,+9.9614549205E+00
+161.2500E-06,+2.0445803334E+00,+9.9779373333E+00
+161.5000E-06,+2.0458114892E+00,+9.9655755236E+00
+161.7500E-06,+2.0458114892E+00,+9.9140679836E+00
+162.0000E-06,+2.0741280732E+00,+9.9140679836E+00
+162.2500E-06,+2.0470426450E+00,+9.9161282852E+00
+162.5000E-06,+2.0458114892E+00,+9.9655755236E+00
+162.7500E-06,+2.0642788266E+00,+9.9799976349E+00
+163.0000E-06,+2.0568918916E+00,+9.9140679836E+00
+163.2500E-06,+2.0445803334E+00,+9.9779373333E+00
+163.5000E-06,+2.0236506844E+00,+9.9140679836E+00
+163.7500E-06,+2.0064145029E+00,+9.9140679836E+00
+164.0000E-06,+2.0568918916E+00,+9.9614549205E+00
+164.2500E-06,+2.0839773198E+00,+9.8481383324E+00
+164.5000E-06,+2.0458114892E+00,+9.9944197461E+00
+164.7500E-06,+2.1036758130E+00,+9.9490931108E+00
+165.0000E-06,+2.0458114892E+00,+9.9326106980E+00
+165.2500E-06,+2.0839773198E+00,+9.9799976349E+00
+165.5000E-06,+2.0458114892E+00,+9.9284900949E+00
+165.7500E-06,+2.1036758130E+00,+9.8481383324E+00
+166.0000E-06,+2.0458114892E+00,+9.9140679836E+00
+166.2500E-06,+2.0852084756E+00,+9.8522589355E+00
+166.5000E-06,+2.0236506844E+00,+9.9140679836E+00
+166.7500E-06,+2.0642788266E+00,+9.9449725077E+00
+167.0000E-06,+2.0852084756E+00,+9.9140679836E+00
+167.2500E-06,+2.0852084756E+00,+10.0418066830E+00
+167.5000E-06,+2.0765903848E+00,+9.9284900949E+00
+167.7500E-06,+2.0667411382E+00,+9.9449725077E+00
+168.0000E-06,+2.0347310868E+00,+9.9140679836E+00
+168.2500E-06,+2.0482738008E+00,+9.9140679836E+00
+168.5000E-06,+2.0987511896E+00,+9.9284900949E+00
+168.7500E-06,+2.0642788266E+00,+9.9490931108E+00
+169.0000E-06,+2.0458114892E+00,+9.9326106980E+00
+169.2500E-06,+2.0458114892E+00,+9.9161282852E+00
+169.5000E-06,+2.0236506844E+00,+9.9655755236E+00
+169.7500E-06,+2.0273441518E+00,+9.9799976349E+00
+170.0000E-06,+2.0630476708E+00,+9.9799976349E+00
+170.2500E-06,+2.0839773198E+00,+9.9799976349E+00
+170.5000E-06,+2.0765903848E+00,+9.9140679836E+00
+170.7500E-06,+2.0458114892E+00,+9.9099473805E+00
+171.0000E-06,+2.0347310868E+00,+9.9326106980E+00
+171.2500E-06,+2.0088768145E+00,+9.9758770317E+00
+171.5000E-06,+2.0371933984E+00,+9.9655755236E+00
+171.7500E-06,+2.0458114892E+00,+9.9449725077E+00
+172.0000E-06,+2.0458114892E+00,+9.9140679836E+00
+172.2500E-06,+2.1233743061E+00,+9.9161282852E+00
+172.5000E-06,+2.0852084756E+00,+9.9140679836E+00
+172.7500E-06,+2.0852084756E+00,+9.9799976349E+00
+173.0000E-06,+2.0568918916E+00,+9.9326106980E+00
+173.2500E-06,+2.0458114892E+00,+9.8501986339E+00
+173.5000E-06,+2.0458114892E+00,+9.9284900949E+00
+173.7500E-06,+2.0852084756E+00,+9.9449725077E+00
+174.0000E-06,+2.0852084756E+00,+9.9799976349E+00
+174.2500E-06,+2.0458114892E+00,+9.9799976349E+00
+174.5000E-06,+2.0236506844E+00,+9.9655755236E+00
+174.7500E-06,+2.0482738008E+00,+9.9140679836E+00
+175.0000E-06,+2.0741280732E+00,+9.8852237611E+00
+175.2500E-06,+2.0470426450E+00,+9.9161282852E+00
+175.5000E-06,+2.0765903848E+00,+9.9140679836E+00
+175.7500E-06,+2.0458114892E+00,+9.9799976349E+00
+176.0000E-06,+2.0285753077E+00,+10.0273845718E+00
+176.2500E-06,+2.0458114892E+00,+9.9140679836E+00
+176.5000E-06,+2.0458114892E+00,+9.8625604436E+00
+176.7500E-06,+2.0852084756E+00,+9.9140679836E+00
+177.0000E-06,+2.0568918916E+00,+9.9511534124E+00
+177.2500E-06,+2.0088768145E+00,+9.9161282852E+00
+177.5000E-06,+2.0544295800E+00,+9.9655755236E+00
+177.7500E-06,+2.0642788266E+00,+9.9799976349E+00
+178.0000E-06,+2.0741280732E+00,+9.9140679836E+00
+178.2500E-06,+2.0088768145E+00,+9.9140679836E+00
+178.5000E-06,+2.0458114892E+00,+9.9799976349E+00
+178.7500E-06,+2.0298064635E+00,+9.9140679836E+00
+179.0000E-06,+2.0174949053E+00,+9.9799976349E+00
+179.2500E-06,+2.0827461640E+00,+9.9161282852E+00
+179.5000E-06,+2.0852084756E+00,+9.9284900949E+00
+179.7500E-06,+2.0642788266E+00,+9.8831634596E+00
+180.0000E-06,+2.0458114892E+00,+9.9140679836E+00
+180.2500E-06,+2.0458114892E+00,+9.9140679836E+00
+180.5000E-06,+2.0765903848E+00,+9.9140679836E+00
+180.7500E-06,+2.0667411382E+00,+9.9799976349E+00
+181.0000E-06,+2.0852084756E+00,+9.9326106980E+00
+181.2500E-06,+2.0470426450E+00,+9.9779373333E+00
+181.5000E-06,+2.0458114892E+00,+9.8769825549E+00
+181.7500E-06,+2.0827461640E+00,+9.9758770317E+00
+182.0000E-06,+2.0458114892E+00,+10.0273845718E+00
+182.2500E-06,+2.1221431503E+00,+9.9140679836E+00
+182.5000E-06,+2.0150325936E+00,+9.9284900949E+00
+182.7500E-06,+2.0667411382E+00,+9.8831634596E+00
+183.0000E-06,+2.0458114892E+00,+9.9799976349E+00
+183.2500E-06,+2.0076456587E+00,+9.9140679836E+00
+183.5000E-06,+2.0765903848E+00,+9.9140679836E+00
+183.7500E-06,+2.0458114892E+00,+9.9181885868E+00
+184.0000E-06,+2.0174949053E+00,+9.9799976349E+00
+184.2500E-06,+2.0088768145E+00,+9.9799976349E+00
+184.5000E-06,+2.0458114892E+00,+9.9799976349E+00
+184.7500E-06,+2.0667411382E+00,+9.9449725077E+00
+185.0000E-06,+2.0458114892E+00,+9.9614549205E+00
+185.2500E-06,+2.0470426450E+00,+9.9140679836E+00
+185.5000E-06,+2.0150325936E+00,+9.8625604436E+00
+185.7500E-06,+2.0667411382E+00,+9.9490931108E+00
+186.0000E-06,+2.0568918916E+00,+9.8481383324E+00
+186.2500E-06,+2.0076456587E+00,+9.9779373333E+00
+186.5000E-06,+2.0544295800E+00,+9.9655755236E+00
+186.7500E-06,+2.0827461640E+00,+9.9799976349E+00
+187.0000E-06,+2.0458114892E+00,+9.9140679836E+00
+187.2500E-06,+2.0852084756E+00,+9.9140679836E+00
+187.5000E-06,+2.0544295800E+00,+9.9140679836E+00
+187.7500E-06,+2.0876707872E+00,+9.9799976349E+00
+188.0000E-06,+2.0852084756E+00,+9.9326106980E+00
+188.2500E-06,+2.0458114892E+00,+9.9161282852E+00
+188.5000E-06,+2.0852084756E+00,+9.9284900949E+00
+188.7500E-06,+2.0642788266E+00,+9.9449725077E+00
+189.0000E-06,+2.0568918916E+00,+10.0273845718E+00
+189.2500E-06,+2.0839773198E+00,+9.9161282852E+00
+189.5000E-06,+2.0679722940E+00,+9.9140679836E+00
+189.7500E-06,+2.0852084756E+00,+9.9490931108E+00
+190.0000E-06,+2.0630476708E+00,+9.9140679836E+00
+190.2500E-06,+2.0470426450E+00,+9.9140679836E+00
+190.5000E-06,+2.1553843575E+00,+9.9284900949E+00
+190.7500E-06,+2.0642788266E+00,+9.9449725077E+00
+191.0000E-06,+2.0568918916E+00,+9.9326106980E+00
+191.2500E-06,+2.0458114892E+00,+9.9140679836E+00
+191.5000E-06,+2.0544295800E+00,+9.9799976349E+00
+191.7500E-06,+2.0642788266E+00,+9.9490931108E+00
+192.0000E-06,+2.0568918916E+00,+9.9614549205E+00
+192.2500E-06,+2.0852084756E+00,+9.8522589355E+00
+192.5000E-06,+2.0544295800E+00,+9.9655755236E+00
+192.7500E-06,+2.0852084756E+00,+9.9140679836E+00
+193.0000E-06,+2.0741280732E+00,+9.9037664755E+00
+193.2500E-06,+2.0458114892E+00,+9.9779373333E+00
+193.5000E-06,+2.0630476708E+00,+9.9944197461E+00
+193.7500E-06,+2.0248818402E+00,+9.9799976349E+00
+194.0000E-06,+2.0852084756E+00,+9.9799976349E+00
+194.2500E-06,+2.0852084756E+00,+9.9161282852E+00
+194.5000E-06,+2.1159873712E+00,+9.9140679836E+00
+194.7500E-06,+2.0248818402E+00,+9.9799976349E+00
+195.0000E-06,+2.0174949053E+00,+9.9799976349E+00
+195.2500E-06,+2.0839773198E+00,+9.9161282852E+00
+195.5000E-06,+2.0458114892E+00,+9.9799976349E+00
+195.7500E-06,+2.0642788266E+00,+9.9799976349E+00
+196.0000E-06,+2.0852084756E+00,+9.9326106980E+00
+196.2500E-06,+2.0470426450E+00,+9.9161282852E+00
+196.5000E-06,+2.1073692804E+00,+9.9284900949E+00
+196.7500E-06,+2.0273441518E+00,+9.9140679836E+00
+197.0000E-06,+2.0458114892E+00,+9.9326106980E+00
+197.2500E-06,+2.0088768145E+00,+9.9161282852E+00
+197.5000E-06,+2.0458114892E+00,+9.9140679836E+00
+197.7500E-06,+2.0458114892E+00,+9.9490931108E+00
+198.0000E-06,+2.0741280732E+00,+9.9140679836E+00
+198.2500E-06,+2.0470426450E+00,+9.9779373333E+00
+198.5000E-06,+2.0765903848E+00,+9.9799976349E+00
+198.7500E-06,+2.0642788266E+00,+9.9799976349E+00
+199.0000E-06,+2.0347310868E+00,+9.9140679836E+00
+199.2500E-06,+2.0458114892E+00,+9.9140679836E+00
+199.5000E-06,+2.0371933984E+00,+9.9140679836E+00
+199.7500E-06,+2.0458114892E+00,+9.9490931108E+00
+200.0000E-06,+2.0741280732E+00,+9.9614549205E+00
+200.2500E-06,+2.0470426450E+00,+9.9779373333E+00
+200.5000E-06,+2.0765903848E+00,+9.9799976349E+00
+200.7500E-06,+2.0458114892E+00,+9.9449725077E+00
+201.0000E-06,+2.0519672684E+00,+9.9140679836E+00
+201.2500E-06,+2.0815150082E+00,+9.9779373333E+00
+201.5000E-06,+2.0150325936E+00,+9.9140679836E+00
+201.7500E-06,+2.0642788266E+00,+9.9490931108E+00
+202.0000E-06,+2.0568918916E+00,+9.9614549205E+00
+202.2500E-06,+2.0470426450E+00,+9.9799976349E+00
+202.5000E-06,+2.0765903848E+00,+9.9799976349E+00
+202.7500E-06,+2.0852084756E+00,+9.9490931108E+00
+203.0000E-06,+2.0852084756E+00,+9.8666810468E+00
+203.2500E-06,+2.0458114892E+00,+9.9779373333E+00
+203.5000E-06,+2.0371933984E+00,+9.9284900949E+00
+203.7500E-06,+2.0692034498E+00,+9.9490931108E+00
+204.0000E-06,+2.0852084756E+00,+9.9326106980E+00
+204.2500E-06,+2.0839773198E+00,+9.9779373333E+00
+204.5000E-06,+2.0150325936E+00,+9.9284900949E+00
+204.7500E-06,+2.0667411382E+00,+9.8790428564E+00
+205.0000E-06,+2.0458114892E+00,+9.8955252692E+00
+205.2500E-06,+2.0458114892E+00,+9.9799976349E+00
+205.5000E-06,+2.0544295800E+00,+9.9799976349E+00
+205.7500E-06,+2.0642788266E+00,+9.9140679836E+00
+206.0000E-06,+2.0741280732E+00,+10.0459272861E+00
+206.2500E-06,+2.0433491776E+00,+9.9161282852E+00
+206.5000E-06,+2.1073692804E+00,+9.9284900949E+00
+206.7500E-06,+2.0642788266E+00,+9.9140679836E+00
+207.0000E-06,+2.0741280732E+00,+9.9326106980E+00
+207.2500E-06,+2.0458114892E+00,+9.9161282852E+00
+207.5000E-06,+2.0458114892E+00,+9.9284900949E+00
+207.7500E-06,+2.0667411382E+00,+9.9490931108E+00
+208.0000E-06,+2.0568918916E+00,+9.9140679836E+00
+208.2500E-06,+2.0458114892E+00,+9.9779373333E+00
+208.5000E-06,+2.0852084756E+00,+9.9140679836E+00
+208.7500E-06,+2.0852084756E+00,+9.9490931108E+00
+209.0000E-06,+2.0347310868E+00,+9.8852237611E+00
+209.2500E-06,+2.0470426450E+00,+9.9161282852E+00
+209.5000E-06,+2.0544295800E+00,+9.9140679836E+00
+209.7500E-06,+2.0642788266E+00,+9.9841182380E+00
+210.0000E-06,+2.0458114892E+00,+9.9326106980E+00
+210.2500E-06,+2.0458114892E+00,+9.9161282852E+00
+210.5000E-06,+2.0765903848E+00,+9.9284900949E+00
+210.7500E-06,+2.1061381246E+00,+9.9799976349E+00
+211.0000E-06,+2.0852084756E+00,+9.9326106980E+00
+211.2500E-06,+2.0088768145E+00,+9.9820579365E+00
+211.5000E-06,+2.0938265664E+00,+9.9655755236E+00
+211.7500E-06,+2.0852084756E+00,+9.9140679836E+00
+212.0000E-06,+2.0458114892E+00,+9.9799976349E+00
+212.2500E-06,+2.1233743062E+00,+9.9779373333E+00
+212.5000E-06,+2.0371933984E+00,+9.9655755236E+00
+212.7500E-06,+2.0667411382E+00,+9.9490931108E+00
+213.0000E-06,+2.0347310868E+00,+9.9140679836E+00
+213.2500E-06,+2.0064145029E+00,+9.9799976349E+00
+213.5000E-06,+2.0458114892E+00,+9.9284900949E+00
+213.7500E-06,+2.0458114892E+00,+9.9140679836E+00
+214.0000E-06,+2.1024446572E+00,+9.9326106980E+00
+214.2500E-06,+2.0458114892E+00,+9.9779373333E+00
+214.5000E-06,+2.0544295800E+00,+9.9284900949E+00
+214.7500E-06,+2.0458114892E+00,+9.9449725077E+00
+215.0000E-06,+2.1135250596E+00,+9.9799976349E+00
+215.2500E-06,+2.0852084756E+00,+9.9161282852E+00
+215.5000E-06,+2.0765903848E+00,+9.9799976349E+00
+215.7500E-06,+2.0667411382E+00,+9.9449725077E+00
+216.0000E-06,+2.0741280732E+00,+9.9140679836E+00
+216.2500E-06,+2.0470426450E+00,+9.8522589355E+00
+216.5000E-06,+1.9842536981E+00,+9.9799976349E+00
+216.7500E-06,+2.0667411382E+00,+9.9181885868E+00
+217.0000E-06,+2.0458114892E+00,+9.9140679836E+00
+217.2500E-06,+2.0852084756E+00,+9.9140679836E+00
+217.5000E-06,+2.0371933984E+00,+9.9655755236E+00
+217.7500E-06,+2.0088768145E+00,+9.9140679836E+00
+218.0000E-06,+2.0458114892E+00,+9.9326106980E+00
+218.2500E-06,+2.0470426450E+00,+9.9140679836E+00
+218.5000E-06,+2.0150325936E+00,+9.9655755236E+00
+218.7500E-06,+2.0852084756E+00,+9.9799976349E+00
+219.0000E-06,+2.0630476708E+00,+9.9799976349E+00
+219.2500E-06,+2.0458114892E+00,+9.9799976349E+00
+219.5000E-06,+2.0064145029E+00,+9.8996458724E+00
+219.7500E-06,+2.0642788266E+00,+9.9799976349E+00
+220.0000E-06,+2.0285753076E+00,+9.9799976349E+00
+220.2500E-06,+2.0470426450E+00,+9.9779373333E+00
+220.5000E-06,+2.0852084756E+00,+9.9511534124E+00
+220.7500E-06,+2.0667411382E+00,+9.9140679836E+00
+221.0000E-06,+2.1135250596E+00,+9.9326106980E+00
+221.2500E-06,+2.0482738008E+00,+9.9799976349E+00
+221.5000E-06,+2.0765903848E+00,+9.9140679836E+00
+221.7500E-06,+2.0667411382E+00,+9.9799976349E+00
+222.0000E-06,+2.0568918916E+00,+9.9511534124E+00
+222.2500E-06,+2.0458114892E+00,+9.9140679836E+00
+222.5000E-06,+2.0765903848E+00,+9.9284900949E+00
+222.7500E-06,+2.0064145029E+00,+9.9181885868E+00
+223.0000E-06,+2.0458114892E+00,+9.9429122061E+00
+223.2500E-06,+2.0470426450E+00,+9.9140679836E+00
+223.5000E-06,+2.0544295800E+00,+9.9655755236E+00
+223.7500E-06,+2.0642788266E+00,+9.9449725077E+00
+224.0000E-06,+2.0852084756E+00,+9.9140679836E+00
+224.2500E-06,+2.0458114892E+00,+9.7883895858E+00
+224.5000E-06,+2.0064145029E+00,+9.9799976349E+00
+224.7500E-06,+2.0852084756E+00,+9.9449725077E+00
+225.0000E-06,+2.0458114892E+00,+9.9326106980E+00
+225.2500E-06,+2.0470426450E+00,+9.9140679836E+00
+225.5000E-06,+2.1073692804E+00,+9.9284900949E+00
+225.7500E-06,+2.1036758130E+00,+9.9140679836E+00
+226.0000E-06,+2.0458114892E+00,+9.9614549205E+00
+226.2500E-06,+2.0470426450E+00,+9.9140679836E+00
+226.5000E-06,+2.0544295800E+00,+9.9655755236E+00
+226.7500E-06,+2.0458114892E+00,+9.9490931108E+00
+227.0000E-06,+2.0790526964E+00,+9.9799976349E+00
+227.2500E-06,+2.1221431504E+00,+9.8501986339E+00
+227.5000E-06,+2.0630476708E+00,+9.9799976349E+00
+227.7500E-06,+2.0642788266E+00,+9.9490931108E+00
+228.0000E-06,+2.0458114892E+00,+9.9614549205E+00
+228.2500E-06,+2.0852084756E+00,+9.9779373333E+00
+228.5000E-06,+2.0458114892E+00,+9.9140679836E+00
+228.7500E-06,+2.1246054620E+00,+9.9490931108E+00
+229.0000E-06,+2.0285753076E+00,+9.9326106980E+00
+229.2500E-06,+2.0470426450E+00,+10.0438669846E+00
+229.5000E-06,+2.0236506844E+00,+10.0170830636E+00
+229.7500E-06,+2.0827461640E+00,+9.9140679836E+00
+230.0000E-06,+2.0174949053E+00,+9.8666810467E+00
+230.2500E-06,+2.0852084756E+00,+9.9161282852E+00
+230.5000E-06,+2.0236506844E+00,+9.9655755236E+00
+230.7500E-06,+2.0458114892E+00,+9.9799976349E+00
+231.0000E-06,+2.0741280732E+00,+9.9799976349E+00
+231.2500E-06,+2.0458114892E+00,+9.9140679836E+00
+231.5000E-06,+2.0852084756E+00,+9.9655755236E+00
+231.7500E-06,+2.0667411382E+00,+9.9799976349E+00
+232.0000E-06,+2.0741280732E+00,+9.9614549205E+00
+232.2500E-06,+2.0470426450E+00,+9.9161282852E+00
+232.5000E-06,+2.0852084756E+00,+9.9799976349E+00
+232.7500E-06,+2.0852084756E+00,+9.9799976349E+00
+233.0000E-06,+2.0568918916E+00,+9.9614549205E+00
+233.2500E-06,+2.0482738008E+00,+9.9140679836E+00
+233.5000E-06,+2.0544295800E+00,+9.8996458724E+00
+233.7500E-06,+2.0482738008E+00,+9.9181885868E+00
+234.0000E-06,+2.0174949053E+00,+9.9614549205E+00
+234.2500E-06,+2.0458114892E+00,+9.9779373333E+00
+234.5000E-06,+2.1073692804E+00,+9.9284900949E+00
+234.7500E-06,+2.0458114892E+00,+9.9799976349E+00
+235.0000E-06,+2.0741280732E+00,+9.9799976349E+00
+235.2500E-06,+2.0839773198E+00,+9.9140679836E+00
+235.5000E-06,+2.0458114892E+00,+9.9140679836E+00
+235.7500E-06,+2.0852084756E+00,+9.9140679836E+00
+236.0000E-06,+2.0741280732E+00,+9.9799976349E+00
+236.2500E-06,+2.1221431504E+00,+9.9161282852E+00
+236.5000E-06,+2.0544295800E+00,+9.9140679836E+00
+236.7500E-06,+2.0248818402E+00,+9.9099473805E+00
+237.0000E-06,+2.0852084756E+00,+9.9140679836E+00
+237.2500E-06,+2.0470426450E+00,+9.9161282852E+00
+237.5000E-06,+2.0236506844E+00,+9.9140679836E+00
+237.7500E-06,+2.0642788266E+00,+9.9140679836E+00
+238.0000E-06,+2.0741280732E+00,+9.9326106980E+00
+238.2500E-06,+2.0482738008E+00,+9.9140679836E+00
+238.5000E-06,+2.0852084756E+00,+9.9284900949E+00
+238.7500E-06,+2.0482738008E+00,+9.8790428564E+00
+239.0000E-06,+2.0852084756E+00,+9.9326106980E+00
+239.2500E-06,+2.0827461640E+00,+9.9140679836E+00
+239.5000E-06,+2.0630476708E+00,+9.9140679836E+00
+239.7500E-06,+2.0876707872E+00,+9.9140679836E+00
+240.0000E-06,+2.0568918916E+00,+9.9326106980E+00
+240.2500E-06,+2.0470426450E+00,+9.9799976349E+00
+240.5000E-06,+2.0765903848E+00,+9.9655755236E+00
+240.7500E-06,+2.0458114892E+00,+9.9099473805E+00
+241.0000E-06,+2.0962888780E+00,+9.9140679836E+00
+241.2500E-06,+2.0088768145E+00,+9.9799976349E+00
+241.5000E-06,+2.0765903848E+00,+9.9140679836E+00
+241.7500E-06,+2.0433491776E+00,+9.9490931108E+00
+242.0000E-06,+2.0852084756E+00,+9.9614549205E+00
+242.2500E-06,+2.0852084756E+00,+9.9161282852E+00
+242.5000E-06,+2.0765903848E+00,+9.9655755236E+00
+242.7500E-06,+2.0667411382E+00,+9.9140679836E+00
+243.0000E-06,+2.0347310868E+00,+9.9326106980E+00
+243.2500E-06,+2.0839773198E+00,+9.9799976349E+00
+243.5000E-06,+2.0544295800E+00,+9.9284900949E+00
+243.7500E-06,+2.0642788266E+00,+9.9408519046E+00
+244.0000E-06,+2.0458114892E+00,+9.9140679836E+00
+244.2500E-06,+2.0827461640E+00,+9.9161282852E+00
+244.5000E-06,+2.0765903848E+00,+9.8769825549E+00
+244.7500E-06,+2.0667411382E+00,+9.9490931108E+00
+245.0000E-06,+2.1024446572E+00,+9.9799976349E+00
+245.2500E-06,+2.0852084756E+00,+9.9140679836E+00
+245.5000E-06,+2.0987511896E+00,+9.9284900949E+00
+245.7500E-06,+2.0433491776E+00,+9.9099473805E+00
+246.0000E-06,+2.0741280732E+00,+9.8666810467E+00
+246.2500E-06,+2.0076456587E+00,+9.8501986339E+00
+246.5000E-06,+2.0458114892E+00,+9.9140679836E+00
+246.7500E-06,+2.0482738008E+00,+9.9181885868E+00
+247.0000E-06,+2.0458114892E+00,+9.9326106980E+00
+247.2500E-06,+2.0470426450E+00,+9.8481383324E+00
+247.5000E-06,+2.0765903848E+00,+9.9799976349E+00
+247.7500E-06,+2.0852084756E+00,+9.9140679836E+00
+248.0000E-06,+2.0285753076E+00,+9.9140679836E+00
+248.2500E-06,+2.0852084756E+00,+9.9140679836E+00
+248.5000E-06,+2.0765903848E+00,+9.9140679836E+00
+248.7500E-06,+2.0248818402E+00,+9.9140679836E+00
+249.0000E-06,+2.0458114892E+00,+9.9140679836E+00
+249.2500E-06,+2.0852084756E+00,+9.9779373333E+00
+249.5000E-06,+2.0852084756E+00,+9.9284900949E+00
+249.7500E-06,+2.0876707872E+00,+9.9181885868E+00
+250.0000E-06,+2.0741280732E+00,+9.9614549205E+00
+250.2500E-06,+2.0458114892E+00,+9.9799976349E+00
+250.5000E-06,+2.0679722940E+00,+9.9140679836E+00
+250.7500E-06,+2.0667411382E+00,+9.9140679836E+00
+251.0000E-06,+2.0458114892E+00,+9.9326106980E+00
+251.2500E-06,+2.0852084756E+00,+9.9140679836E+00
+251.5000E-06,+2.0371933984E+00,+9.9140679836E+00
+251.7500E-06,+2.0408868660E+00,+9.9140679836E+00
+252.0000E-06,+2.0741280732E+00,+9.9140679836E+00
+252.2500E-06,+2.1209119945E+00,+9.9140679836E+00
+252.5000E-06,+2.0544295800E+00,+9.9511534124E+00
+252.7500E-06,+2.0667411382E+00,+9.9181885868E+00
+253.0000E-06,+2.0741280732E+00,+9.8481383324E+00
+253.2500E-06,+2.0470426450E+00,+9.9140679836E+00
+253.5000E-06,+2.0852084756E+00,+9.9799976349E+00
+253.7500E-06,+2.0458114892E+00,+9.9449725077E+00
+254.0000E-06,+2.0458114892E+00,+9.9326106980E+00
+254.2500E-06,+2.0445803334E+00,+9.9799976349E+00
+254.5000E-06,+2.0765903848E+00,+9.9140679836E+00
+254.7500E-06,+2.0458114892E+00,+9.9449725077E+00
+255.0000E-06,+2.0347310868E+00,+9.9511534124E+00
+255.2500E-06,+2.0458114892E+00,+9.9140679836E+00
+255.5000E-06,+2.0458114892E+00,+9.8769825549E+00
+255.7500E-06,+2.0642788266E+00,+9.9449725077E+00
+256.0000E-06,+2.0630476708E+00,+9.9140679836E+00
+256.2500E-06,+2.0470426450E+00,+9.9779373333E+00
+256.5000E-06,+2.0765903848E+00,+9.9655755236E+00
+256.7500E-06,+2.0852084756E+00,+9.9140679836E+00
+257.0000E-06,+2.1024446572E+00,+9.9799976349E+00
+257.2500E-06,+2.1233743062E+00,+9.9779373333E+00
+257.5000E-06,+2.0458114892E+00,+9.9140679836E+00
+257.7500E-06,+2.0458114892E+00,+9.9140679836E+00
+258.0000E-06,+2.0458114892E+00,+9.9140679836E+00
+258.2500E-06,+2.0458114892E+00,+9.9779373333E+00
+258.5000E-06,+2.1073692804E+00,+9.9284900949E+00
+258.7500E-06,+2.0433491776E+00,+9.9140679836E+00
+259.0000E-06,+2.0741280732E+00,+9.9614549205E+00
+259.2500E-06,+2.0445803334E+00,+9.9161282852E+00
+259.5000E-06,+2.0679722940E+00,+9.9140679836E+00
+259.7500E-06,+2.0458114892E+00,+9.8481383324E+00
+260.0000E-06,+2.0458114892E+00,+10.0088418574E+00
+260.2500E-06,+2.0852084756E+00,+9.8501986339E+00
+260.5000E-06,+2.0852084756E+00,+9.9655755236E+00
+260.7500E-06,+2.0458114892E+00,+9.9449725077E+00
+261.0000E-06,+2.0458114892E+00,+9.9799976349E+00
+261.2500E-06,+2.0458114892E+00,+9.9120076821E+00
+261.5000E-06,+2.0458114892E+00,+9.9284900949E+00
+261.7500E-06,+2.0458114892E+00,+9.9140679836E+00
+262.0000E-06,+2.0741280732E+00,+9.9799976349E+00
+262.2500E-06,+2.0839773198E+00,+9.8501986339E+00
+262.5000E-06,+2.0544295800E+00,+9.9511534124E+00
+262.7500E-06,+2.0642788266E+00,+9.9449725077E+00
+263.0000E-06,+2.0852084756E+00,+9.9140679836E+00
+263.2500E-06,+2.0470426450E+00,+9.9799976349E+00
+263.5000E-06,+2.0765903848E+00,+9.9284900949E+00
+263.7500E-06,+2.0642788266E+00,+9.9799976349E+00
+264.0000E-06,+2.0568918916E+00,+9.9140679836E+00
+264.2500E-06,+2.0852084756E+00,+9.9140679836E+00
+264.5000E-06,+2.0765903848E+00,+9.9655755236E+00
+264.7500E-06,+2.0667411382E+00,+9.9799976349E+00
+265.0000E-06,+2.0347310868E+00,+9.9326106980E+00
+265.2500E-06,+2.0839773198E+00,+9.9161282852E+00
+265.5000E-06,+2.0458114892E+00,+9.8996458724E+00
+265.7500E-06,+2.0852084756E+00,+9.8831634596E+00
+266.0000E-06,+2.0630476708E+00,+10.0088418574E+00
+266.2500E-06,+2.0445803334E+00,+9.9140679836E+00
+266.5000E-06,+2.0458114892E+00,+10.0170830637E+00
+266.7500E-06,+2.0852084756E+00,+9.9449725077E+00
+267.0000E-06,+2.0174949053E+00,+9.9614549205E+00
+267.2500E-06,+2.0864396314E+00,+9.9120076821E+00
+267.5000E-06,+2.0236506844E+00,+9.9655755236E+00
+267.7500E-06,+2.0852084756E+00,+9.9490931108E+00
+268.0000E-06,+2.0568918916E+00,+9.8955252692E+00
+268.2500E-06,+2.0470426450E+00,+9.9799976349E+00
+268.5000E-06,+2.0544295800E+00,+9.9799976349E+00
+268.7500E-06,+2.0482738008E+00,+9.9140679836E+00
+269.0000E-06,+2.0458114892E+00,+9.9614549205E+00
+269.2500E-06,+2.0470426450E+00,+9.9799976349E+00
+269.5000E-06,+2.0458114892E+00,+9.9429122061E+00
+269.7500E-06,+2.0458114892E+00,+9.9140679836E+00
+270.0000E-06,+2.0568918916E+00,+9.9326106980E+00
+270.2500E-06,+2.0458114892E+00,+9.9161282852E+00
+270.5000E-06,+2.0458114892E+00,+9.9284900949E+00
+270.7500E-06,+2.0667411382E+00,+9.9140679836E+00
+271.0000E-06,+2.0741280732E+00,+9.9140679836E+00
+271.2500E-06,+2.0864396314E+00,+9.9161282852E+00
+271.5000E-06,+2.0544295800E+00,+9.8769825548E+00
+271.7500E-06,+2.0852084756E+00,+9.9799976349E+00
+272.0000E-06,+2.0852084756E+00,+9.9326106980E+00
+272.2500E-06,+2.0482738008E+00,+9.9758770317E+00
+272.5000E-06,+2.0679722940E+00,+9.8769825548E+00
+272.7500E-06,+2.0852084756E+00,+9.9490931108E+00
+273.0000E-06,+2.0741280732E+00,+9.9614549205E+00
+273.2500E-06,+2.0839773198E+00,+9.9799976349E+00
+273.5000E-06,+2.0458114892E+00,+9.8769825548E+00
+273.7500E-06,+2.0827461640E+00,+9.9490931108E+00
+274.0000E-06,+2.0568918916E+00,+9.8666810468E+00
+274.2500E-06,+2.0088768145E+00,+9.9161282852E+00
+274.5000E-06,+2.0064145029E+00,+9.9140679836E+00
+274.7500E-06,+2.0642788266E+00,+9.9140679836E+00
+275.0000E-06,+2.0568918916E+00,+9.9140679836E+00
+275.2500E-06,+2.0839773198E+00,+9.9161282852E+00
+275.5000E-06,+2.0150325936E+00,+9.9799976349E+00
+275.7500E-06,+2.0642788266E+00,+9.9758770317E+00
+276.0000E-06,+2.0741280732E+00,+9.9140679836E+00
+276.2500E-06,+2.0827461640E+00,+9.9161282852E+00
+276.5000E-06,+2.0458114892E+00,+9.9799976349E+00
+276.7500E-06,+2.0273441519E+00,+9.8790428564E+00
+277.0000E-06,+2.0458114892E+00,+9.9614549205E+00
+277.2500E-06,+2.0470426450E+00,+9.9140679836E+00
+277.5000E-06,+2.0765903848E+00,+9.8769825548E+00
+277.7500E-06,+2.0642788266E+00,+9.8790428564E+00
+278.0000E-06,+2.0458114892E+00,+9.8666810468E+00
+278.2500E-06,+2.0839773198E+00,+9.9779373333E+00
+278.5000E-06,+2.0852084756E+00,+9.9140679836E+00
+278.7500E-06,+2.0458114892E+00,+9.9449725077E+00
+279.0000E-06,+2.0679722940E+00,+9.9614549205E+00
+279.2500E-06,+2.0852084756E+00,+9.9779373333E+00
+279.5000E-06,+2.0544295800E+00,+9.9140679836E+00
+279.7500E-06,+2.0618165150E+00,+9.9490931108E+00
+280.0000E-06,+2.0568918916E+00,+9.9799976349E+00
+280.2500E-06,+2.0458114892E+00,+9.9799976349E+00
+280.5000E-06,+2.0458114892E+00,+9.9799976349E+00
+280.7500E-06,+2.0458114892E+00,+9.9140679836E+00
+281.0000E-06,+2.0458114892E+00,+9.8666810468E+00
+281.2500E-06,+2.0839773198E+00,+9.9161282852E+00
+281.5000E-06,+2.0458114892E+00,+9.9655755237E+00
+281.7500E-06,+2.0458114892E+00,+9.9140679836E+00
+282.0000E-06,+2.0741280732E+00,+9.9614549205E+00
+282.2500E-06,+2.0839773198E+00,+9.9140679836E+00
+282.5000E-06,+2.0852084756E+00,+9.9655755237E+00
+282.7500E-06,+2.1061381246E+00,+10.0150227621E+00
+283.0000E-06,+2.0852084756E+00,+9.9326106980E+00
+283.2500E-06,+2.0088768145E+00,+9.9161282852E+00
+283.5000E-06,+2.0458114892E+00,+9.9655755237E+00
+283.7500E-06,+2.0852084756E+00,+9.9799976349E+00
+284.0000E-06,+2.0458114892E+00,+9.9326106980E+00
+284.2500E-06,+2.0839773198E+00,+9.9161282852E+00
+284.5000E-06,+2.0765903848E+00,+9.9140679836E+00
+284.7500E-06,+2.0642788266E+00,+9.9140679836E+00
+285.0000E-06,+2.1135250595E+00,+9.8955252692E+00
+285.2500E-06,+2.0458114892E+00,+9.9140679836E+00
+285.5000E-06,+2.0544295800E+00,+9.9799976349E+00
+285.7500E-06,+2.0458114892E+00,+9.9449725077E+00
+286.0000E-06,+2.0458114892E+00,+9.9799976349E+00
+286.2500E-06,+2.0852084756E+00,+9.9779373333E+00
+286.5000E-06,+2.0544295800E+00,+9.9799976349E+00
+286.7500E-06,+2.0642788266E+00,+9.9140679836E+00
+287.0000E-06,+2.0458114892E+00,+10.0088418573E+00
+287.2500E-06,+2.0839773198E+00,+9.9161282852E+00
+287.5000E-06,+2.0852084756E+00,+9.9799976349E+00
+287.7500E-06,+2.0433491776E+00,+9.8790428564E+00
+288.0000E-06,+2.0568918916E+00,+9.9140679836E+00
+288.2500E-06,+2.0839773198E+00,+9.9779373333E+00
+288.5000E-06,+2.0679722940E+00,+9.8769825548E+00
+288.7500E-06,+2.0273441519E+00,+9.9449725077E+00
+289.0000E-06,+2.0458114892E+00,+9.9614549205E+00
+289.2500E-06,+2.0852084756E+00,+9.9140679836E+00
+289.5000E-06,+2.0544295800E+00,+9.9140679836E+00
+289.7500E-06,+2.0876707872E+00,+9.9140679836E+00
+290.0000E-06,+2.0568918916E+00,+9.9429122061E+00
+290.2500E-06,+2.1233743061E+00,+9.9779373333E+00
+290.5000E-06,+2.0064145029E+00,+9.9140679836E+00
+290.7500E-06,+2.0458114892E+00,+9.9140679836E+00
+291.0000E-06,+2.0741280732E+00,+9.9799976349E+00
+291.2500E-06,+2.0852084756E+00,+9.9120076820E+00
+291.5000E-06,+2.0852084756E+00,+9.9140679836E+00
+291.7500E-06,+2.0248818402E+00,+9.9140679836E+00
+292.0000E-06,+2.0347310868E+00,+9.9326106980E+00
+292.2500E-06,+2.0839773198E+00,+9.9779373333E+00
+292.5000E-06,+2.0236506844E+00,+9.9799976349E+00
+292.7500E-06,+2.0642788266E+00,+9.9449725077E+00
+293.0000E-06,+2.0852084756E+00,+9.8955252692E+00
+293.2500E-06,+2.0839773198E+00,+9.9120076820E+00
+293.5000E-06,+2.0765903848E+00,+9.9284900948E+00
+293.7500E-06,+2.0642788266E+00,+9.8790428564E+00
+294.0000E-06,+2.0458114892E+00,+9.9985403493E+00
+294.2500E-06,+2.0458114892E+00,+9.9161282852E+00
+294.5000E-06,+2.0765903848E+00,+9.9284900948E+00
+294.7500E-06,+2.0458114892E+00,+9.9181885868E+00
+295.0000E-06,+2.0741280732E+00,+9.9140679836E+00
+295.2500E-06,+2.0852084756E+00,+9.9779373333E+00
+295.5000E-06,+2.0544295800E+00,+9.9799976349E+00
+295.7500E-06,+2.0433491776E+00,+9.9449725077E+00
+296.0000E-06,+2.0568918916E+00,+9.9614549205E+00
+296.2500E-06,+2.0458114892E+00,+9.9779373333E+00
+296.5000E-06,+2.0544295800E+00,+9.9140679836E+00
+296.7500E-06,+2.0642788266E+00,+9.9181885868E+00
+297.0000E-06,+2.0852084756E+00,+9.8955252692E+00
+297.2500E-06,+2.0864396314E+00,+9.9140679836E+00
+297.5000E-06,+2.0765903848E+00,+9.9284900948E+00
+297.7500E-06,+2.0273441519E+00,+9.9449725077E+00
+298.0000E-06,+2.0962888780E+00,+9.9614549205E+00
+298.2500E-06,+2.0839773198E+00,+9.9161282852E+00
+298.5000E-06,+2.1073692804E+00,+9.9655755237E+00
+298.7500E-06,+2.0458114892E+00,+9.9490931109E+00
+299.0000E-06,+2.0458114892E+00,+9.9140679836E+00
+299.2500E-06,+2.0852084756E+00,+9.9120076820E+00
+299.5000E-06,+2.0765903848E+00,+9.9284900948E+00
+299.7500E-06,+2.0482738009E+00,+9.9490931109E+00
+300.0000E-06,+2.0458114892E+00,+9.9614549205E+00
+300.2500E-06,+2.0839773198E+00,+9.8522589356E+00
+300.5000E-06,+2.0544295800E+00,+9.9799976349E+00
+300.7500E-06,+2.0852084756E+00,+9.9140679836E+00
+301.0000E-06,+2.0913642547E+00,+9.9799976349E+00
+301.2500E-06,+2.0470426450E+00,+9.9140679836E+00
+301.5000E-06,+2.0852084756E+00,+9.9799976349E+00
+301.7500E-06,+2.0876707872E+00,+9.9099473804E+00
+302.0000E-06,+2.0741280732E+00,+9.9614549205E+00
+302.2500E-06,+2.0458114892E+00,+9.9799976349E+00
+302.5000E-06,+2.0458114892E+00,+9.9284900948E+00
+302.7500E-06,+2.0667411382E+00,+9.9841182381E+00
+303.0000E-06,+2.0741280732E+00,+9.9326106980E+00
+303.2500E-06,+2.0458114892E+00,+9.8522589356E+00
+303.5000E-06,+2.1381481760E+00,+9.9655755237E+00
+303.7500E-06,+2.0433491776E+00,+9.9799976349E+00
+304.0000E-06,+2.0285753077E+00,+9.9614549205E+00
+304.2500E-06,+2.0470426450E+00,+9.9161282852E+00
+304.5000E-06,+2.0765903848E+00,+9.9655755237E+00
+304.7500E-06,+2.0642788266E+00,+9.9449725077E+00
+305.0000E-06,+2.0852084756E+00,+9.8852237612E+00
+305.2500E-06,+2.0458114892E+00,+9.9779373333E+00
+305.5000E-06,+2.0544295800E+00,+9.9140679836E+00
+305.7500E-06,+2.0667411382E+00,+9.9140679836E+00
+306.0000E-06,+2.0852084756E+00,+9.9799976349E+00
+306.2500E-06,+2.0839773198E+00,+9.9181885868E+00
+306.5000E-06,+2.0458114892E+00,+9.9284900948E+00
+306.7500E-06,+2.0433491776E+00,+9.9408519044E+00
+307.0000E-06,+2.0285753077E+00,+9.8955252692E+00
+307.2500E-06,+2.0076456587E+00,+9.9181885868E+00
+307.5000E-06,+2.0458114892E+00,+9.9799976349E+00
+307.7500E-06,+2.0827461639E+00,+9.9758770317E+00
+308.0000E-06,+2.0458114892E+00,+9.9799976349E+00
+308.2500E-06,+2.0433491776E+00,+9.9799976349E+00
+308.5000E-06,+2.0765903848E+00,+9.9140679836E+00
+308.7500E-06,+2.0827461639E+00,+9.9140679836E+00
+309.0000E-06,+2.0285753077E+00,+9.9326106980E+00
+309.2500E-06,+2.0470426451E+00,+9.9779373333E+00
+309.5000E-06,+2.0852084756E+00,+9.9284900948E+00
+309.7500E-06,+2.0642788266E+00,+9.8790428564E+00
+310.0000E-06,+2.0347310868E+00,+9.9326106980E+00
+310.2500E-06,+2.0815150081E+00,+9.9779373333E+00
+310.5000E-06,+2.0458114892E+00,+9.8769825548E+00
+310.7500E-06,+2.0433491776E+00,+9.9490931109E+00
+311.0000E-06,+2.0064145029E+00,+9.9140679836E+00
+311.2500E-06,+2.0839773198E+00,+9.9140679836E+00
+311.5000E-06,+2.0150325936E+00,+9.9140679836E+00
+311.7500E-06,+2.0667411382E+00,+9.8790428564E+00
+312.0000E-06,+2.0568918916E+00,+9.9140679836E+00
+312.2500E-06,+2.0470426451E+00,+9.9161282852E+00
+312.5000E-06,+2.0458114892E+00,+9.9284900948E+00
+312.7500E-06,+2.0852084756E+00,+9.9799976349E+00
+313.0000E-06,+2.0458114892E+00,+9.9140679836E+00
+313.2500E-06,+2.0852084756E+00,+9.8522589356E+00
+313.5000E-06,+2.1073692804E+00,+9.8996458724E+00
+313.7500E-06,+2.0458114892E+00,+9.9140679836E+00
+314.0000E-06,+2.0458114892E+00,+9.9614549205E+00
+314.2500E-06,+2.0470426451E+00,+9.9120076820E+00
+314.5000E-06,+2.0679722941E+00,+9.8996458724E+00
+314.7500E-06,+2.0642788266E+00,+9.9449725076E+00
+315.0000E-06,+2.1135250595E+00,+9.9326106981E+00
+315.2500E-06,+2.0458114892E+00,+9.9140679836E+00
+315.5000E-06,+2.0458114892E+00,+9.9140679836E+00
+315.7500E-06,+2.0248818402E+00,+9.9490931109E+00
+316.0000E-06,+2.0630476707E+00,+9.9140679836E+00
+316.2500E-06,+2.0458114892E+00,+9.9779373333E+00
+316.5000E-06,+2.0679722941E+00,+9.9655755237E+00
+316.7500E-06,+2.0064145029E+00,+9.9799976349E+00
+317.0000E-06,+2.0913642547E+00,+9.9326106981E+00
+317.2500E-06,+2.0827461639E+00,+9.9140679836E+00
+317.5000E-06,+2.0236506844E+00,+10.0026609525E+00
+317.7500E-06,+2.0642788266E+00,+9.9140679836E+00
+318.0000E-06,+2.0458114892E+00,+9.9140679836E+00
+318.2500E-06,+2.0458114892E+00,+9.9140679836E+00
+318.5000E-06,+2.0544295800E+00,+9.8769825548E+00
+318.7500E-06,+2.0667411382E+00,+9.8831634596E+00
+319.0000E-06,+2.0458114892E+00,+9.9326106981E+00
+319.2500E-06,+2.0839773198E+00,+9.9779373333E+00
+319.5000E-06,+2.0765903848E+00,+9.9140679836E+00
+319.7500E-06,+2.0667411382E+00,+9.9490931109E+00
+320.0000E-06,+2.0962888780E+00,+9.9429122060E+00
+320.2500E-06,+2.0458114892E+00,+9.9161282852E+00
+320.5000E-06,+2.0765903848E+00,+9.9511534125E+00
+320.7500E-06,+2.0642788266E+00,+9.9140679836E+00
+321.0000E-06,+2.1024446571E+00,+9.9799976349E+00
+321.2500E-06,+2.0458114892E+00,+9.9779373333E+00
+321.5000E-06,+2.0852084756E+00,+9.9140679836E+00
+321.7500E-06,+2.0852084756E+00,+9.8831634596E+00
+322.0000E-06,+2.0285753077E+00,+9.8666810468E+00
+322.2500E-06,+2.0482738009E+00,+9.9799976349E+00
+322.5000E-06,+2.0371933985E+00,+9.9284900948E+00
+322.7500E-06,+2.0458114892E+00,+9.9140679836E+00
+323.0000E-06,+2.0458114892E+00,+9.8955252692E+00
+323.2500E-06,+2.0852084756E+00,+9.9779373333E+00
+323.5000E-06,+2.0458114892E+00,+9.9284900948E+00
+323.7500E-06,+2.0667411382E+00,+9.9449725076E+00
+324.0000E-06,+2.0347310868E+00,+9.9799976349E+00
+324.2500E-06,+2.0852084756E+00,+9.9820579365E+00
+324.5000E-06,+2.1159873712E+00,+9.9140679836E+00
+324.7500E-06,+2.0642788266E+00,+9.9490931109E+00
+325.0000E-06,+2.0347310868E+00,+9.9140679836E+00
+325.2500E-06,+2.0458114892E+00,+9.9140679836E+00
+325.5000E-06,+2.0458114892E+00,+9.9655755237E+00
+325.7500E-06,+2.0458114892E+00,+9.8481383324E+00
+326.0000E-06,+2.0347310868E+00,+9.9140679836E+00
+326.2500E-06,+2.0076456587E+00,+9.9799976349E+00
+326.5000E-06,+2.0458114892E+00,+9.9140679836E+00
+326.7500E-06,+2.0667411382E+00,+9.9140679836E+00
+327.0000E-06,+2.0630476707E+00,+9.9140679836E+00
+327.2500E-06,+2.0445803334E+00,+9.9140679836E+00
+327.5000E-06,+2.0765903848E+00,+9.9284900948E+00
+327.7500E-06,+2.0458114892E+00,+9.9490931109E+00
+328.0000E-06,+1.9891783213E+00,+9.8955252692E+00
+328.2500E-06,+2.0458114892E+00,+9.9820579365E+00
+328.5000E-06,+2.0458114892E+00,+9.8769825548E+00
+328.7500E-06,+2.0852084756E+00,+9.9140679836E+00
+329.0000E-06,+2.0852084756E+00,+9.9614549205E+00
+329.2500E-06,+2.0482738009E+00,+9.9140679836E+00
+329.5000E-06,+2.0544295800E+00,+9.9655755237E+00
+329.7500E-06,+2.1061381246E+00,+9.9449725076E+00
+330.0000E-06,+2.0458114892E+00,+9.8852237612E+00
+330.2500E-06,+2.0852084756E+00,+9.9140679836E+00
+330.5000E-06,+2.0544295800E+00,+9.9799976349E+00
+330.7500E-06,+2.0273441519E+00,+9.9140679836E+00
+331.0000E-06,+2.0679722941E+00,+9.9140679836E+00
+331.2500E-06,+2.0088768145E+00,+9.9181885869E+00
+331.5000E-06,+2.0765903848E+00,+9.9284900948E+00
+331.7500E-06,+2.0667411382E+00,+9.9799976349E+00
+332.0000E-06,+2.0174949053E+00,+9.9326106981E+00
+332.2500E-06,+2.0470426451E+00,+9.9779373333E+00
+332.5000E-06,+2.0458114892E+00,+9.9655755237E+00
+332.7500E-06,+2.0248818402E+00,+9.9449725076E+00
+333.0000E-06,+2.0396557101E+00,+9.9799976349E+00
+333.2500E-06,+2.0839773198E+00,+9.9799976349E+00
+333.5000E-06,+2.0458114892E+00,+9.9140679836E+00
+333.7500E-06,+2.0273441519E+00,+9.9449725076E+00
+334.0000E-06,+2.0679722941E+00,+9.9140679836E+00
+334.2500E-06,+2.0839773198E+00,+9.8460780307E+00
+334.5000E-06,+2.0458114892E+00,+9.9284900948E+00
+334.7500E-06,+2.0667411382E+00,+10.0109021589E+00
+335.0000E-06,+2.0568918917E+00,+9.9985403493E+00
+335.2500E-06,+2.0827461639E+00,+9.9161282853E+00
+335.5000E-06,+2.0765903848E+00,+9.9655755237E+00
+335.7500E-06,+2.0064145029E+00,+9.9140679836E+00
+336.0000E-06,+2.0458114892E+00,+9.8666810468E+00
+336.2500E-06,+2.0458114892E+00,+9.9799976349E+00
+336.5000E-06,+2.0852084756E+00,+9.9284900948E+00
+336.7500E-06,+2.0852084756E+00,+9.9449725076E+00
+337.0000E-06,+2.1024446571E+00,+9.8955252692E+00
+337.2500E-06,+2.0852084756E+00,+9.9161282853E+00
+337.5000E-06,+2.0544295800E+00,+9.8625604436E+00
+337.7500E-06,+2.0458114892E+00,+9.9841182381E+00
+338.0000E-06,+2.0568918917E+00,+9.8955252692E+00
+338.2500E-06,+2.0839773198E+00,+9.9758770316E+00
+338.5000E-06,+2.0150325936E+00,+9.9799976349E+00
+338.7500E-06,+2.0458114892E+00,+9.9140679836E+00
+339.0000E-06,+2.0741280732E+00,+9.9429122060E+00
+339.2500E-06,+2.0839773198E+00,+9.9161282853E+00
+339.5000E-06,+2.0544295800E+00,+9.9140679836E+00
+339.7500E-06,+2.0667411382E+00,+9.9799976349E+00
+340.0000E-06,+2.0458114892E+00,+9.9902991428E+00
+340.2500E-06,+2.0445803334E+00,+9.9140679836E+00
+340.5000E-06,+2.0765903848E+00,+9.9799976349E+00
+340.7500E-06,+2.0458114892E+00,+9.9799976349E+00
+341.0000E-06,+2.0741280732E+00,+9.9326106981E+00
+341.2500E-06,+2.0458114892E+00,+9.9161282853E+00
+341.5000E-06,+2.0544295800E+00,+9.9655755237E+00
+341.7500E-06,+2.0642788266E+00,+9.9140679836E+00
+342.0000E-06,+2.0852084756E+00,+9.9140679836E+00
+342.2500E-06,+2.0839773197E+00,+9.8522589356E+00
+342.5000E-06,+2.0765903848E+00,+9.9799976349E+00
+342.7500E-06,+2.0458114892E+00,+9.9758770316E+00
+343.0000E-06,+2.0347310868E+00,+9.9140679836E+00
+343.2500E-06,+2.0827461639E+00,+9.9140679836E+00
+343.5000E-06,+2.0630476707E+00,+9.9799976349E+00
+343.7500E-06,+2.0248818402E+00,+9.9140679836E+00
+344.0000E-06,+2.1024446571E+00,+9.9799976349E+00
+344.2500E-06,+2.0458114892E+00,+9.9120076820E+00
+344.5000E-06,+2.0458114892E+00,+9.8769825547E+00
+344.7500E-06,+2.0458114892E+00,+9.9490931109E+00
+345.0000E-06,+2.0630476707E+00,+9.9429122060E+00
+345.2500E-06,+2.0458114892E+00,+9.9779373333E+00
+345.5000E-06,+2.0458114892E+00,+9.9429122060E+00
+345.7500E-06,+2.0852084756E+00,+9.9140679836E+00
+346.0000E-06,+2.0568918917E+00,+9.9140679836E+00
+346.2500E-06,+2.0839773197E+00,+9.9779373333E+00
+346.5000E-06,+2.0765903848E+00,+9.9655755237E+00
+346.7500E-06,+2.0852084756E+00,+9.9490931109E+00
+347.0000E-06,+2.0679722941E+00,+9.9614549204E+00
+347.2500E-06,+2.0458114892E+00,+9.9779373333E+00
+347.5000E-06,+2.0852084756E+00,+9.9655755237E+00
+347.7500E-06,+2.0642788266E+00,+9.8831634596E+00
+348.0000E-06,+2.0174949053E+00,+9.9799976349E+00
+348.2500E-06,+2.0470426451E+00,+9.9140679836E+00
+348.5000E-06,+2.0544295800E+00,+9.9284900948E+00
+348.7500E-06,+2.0852084756E+00,+9.8831634596E+00
+349.0000E-06,+2.0741280732E+00,+9.9614549204E+00
+349.2500E-06,+2.0088768145E+00,+9.9779373333E+00
+349.5000E-06,+2.0765903848E+00,+9.9655755237E+00
+349.7500E-06,+2.0667411382E+00,+9.9181885869E+00
+350.0000E-06,+2.0568918917E+00,+9.9614549204E+00
+350.2500E-06,+2.0852084756E+00,+9.9799976349E+00
+350.5000E-06,+2.0987511897E+00,+9.9140679836E+00
+350.7500E-06,+2.0852084756E+00,+9.9140679836E+00
+351.0000E-06,+2.0285753077E+00,+9.9799976349E+00
+351.2500E-06,+2.0076456587E+00,+9.9799976349E+00
+351.5000E-06,+2.0765903848E+00,+9.9140679836E+00
+351.7500E-06,+2.0852084756E+00,+9.9408519044E+00
+352.0000E-06,+2.0852084756E+00,+9.9429122060E+00
+352.2500E-06,+2.0470426451E+00,+9.9140679836E+00
+352.5000E-06,+2.0064145029E+00,+9.9140679836E+00
+352.7500E-06,+2.0642788266E+00,+9.9490931109E+00
+353.0000E-06,+2.0458114892E+00,+9.9140679836E+00
+353.2500E-06,+2.0852084756E+00,+9.9779373333E+00
+353.5000E-06,+2.0544295800E+00,+9.9655755237E+00
+353.7500E-06,+2.0248818402E+00,+9.9490931109E+00
+354.0000E-06,+2.0568918917E+00,+9.9614549204E+00
+354.2500E-06,+2.0470426451E+00,+9.8522589356E+00
+354.5000E-06,+2.0458114892E+00,+9.8996458724E+00
+354.7500E-06,+2.0458114892E+00,+9.9140679836E+00
+355.0000E-06,+2.0347310868E+00,+9.9140679836E+00
+355.2500E-06,+2.0458114892E+00,+9.9140679836E+00
+355.5000E-06,+2.0544295800E+00,+9.9944197461E+00
+355.7500E-06,+2.0248818402E+00,+9.9799976349E+00
+356.0000E-06,+2.0347310868E+00,+9.9326106981E+00
+356.2500E-06,+2.0076456587E+00,+9.9140679836E+00
+356.5000E-06,+2.0458114892E+00,+9.9655755237E+00
+356.7500E-06,+2.0852084756E+00,+9.9140679836E+00
+357.0000E-06,+2.0458114892E+00,+9.9140679836E+00
+357.2500E-06,+2.0839773197E+00,+9.8501986340E+00
+357.5000E-06,+2.0458114892E+00,+9.9799976349E+00
+357.7500E-06,+2.0433491775E+00,+9.9181885869E+00
+358.0000E-06,+2.0174949053E+00,+9.9614549204E+00
+358.2500E-06,+2.0445803334E+00,+9.9161282853E+00
+358.5000E-06,+2.1073692805E+00,+9.9284900948E+00
+358.7500E-06,+2.0642788266E+00,+9.9490931109E+00
+359.0000E-06,+2.0064145029E+00,+9.9614549204E+00
+359.2500E-06,+2.0470426451E+00,+9.9161282853E+00
+359.5000E-06,+2.0371933985E+00,+9.9140679836E+00
+359.7500E-06,+2.0852084756E+00,+9.9099473803E+00
+360.0000E-06,+2.0458114892E+00,+9.9140679836E+00
+360.2500E-06,+2.0470426451E+00,+9.9779373332E+00
+360.5000E-06,+2.0765903848E+00,+9.9140679836E+00
+360.7500E-06,+2.0667411383E+00,+9.8790428564E+00
+361.0000E-06,+2.0064145029E+00,+9.9326106981E+00
+361.2500E-06,+2.0839773197E+00,+9.9140679836E+00
+361.5000E-06,+2.0371933985E+00,+9.9140679836E+00
+361.7500E-06,+2.0248818402E+00,+9.9449725076E+00
+362.0000E-06,+2.0741280732E+00,+9.9614549204E+00
+362.2500E-06,+2.0827461639E+00,+9.9799976349E+00
+362.5000E-06,+2.0150325936E+00,+10.0170830638E+00
+362.7500E-06,+2.0642788266E+00,+9.9490931109E+00
+363.0000E-06,+2.0913642546E+00,+9.8852237613E+00
+363.2500E-06,+2.0470426451E+00,+9.9140679836E+00
+363.5000E-06,+2.0285753077E+00,+9.9140679836E+00
+363.7500E-06,+2.0458114892E+00,+9.8831634596E+00
+364.0000E-06,+2.0568918917E+00,+9.9326106981E+00
+364.2500E-06,+2.0852084756E+00,+9.9140679836E+00
+364.5000E-06,+2.0458114892E+00,+9.8996458725E+00
+364.7500E-06,+2.0667411383E+00,+9.9449725076E+00
+365.0000E-06,+2.0962888780E+00,+9.9799976349E+00
+365.2500E-06,+2.0839773197E+00,+9.9779373332E+00
+365.5000E-06,+2.0679722941E+00,+9.9655755237E+00
+365.7500E-06,+2.0852084756E+00,+9.9490931109E+00
+366.0000E-06,+2.0458114892E+00,+9.9140679836E+00
+366.2500E-06,+2.0445803334E+00,+9.9161282853E+00
+366.5000E-06,+2.0765903848E+00,+9.9140679836E+00
+366.7500E-06,+2.0458114892E+00,+9.9490931109E+00
+367.0000E-06,+2.0458114892E+00,+9.9799976349E+00
+367.2500E-06,+2.0470426451E+00,+9.9779373332E+00
+367.5000E-06,+2.0765903848E+00,+9.9140679836E+00
+367.7500E-06,+2.0667411383E+00,+9.8831634596E+00
+368.0000E-06,+2.0852084756E+00,+9.9614549204E+00
+368.2500E-06,+2.0445803334E+00,+9.9140679836E+00
+368.5000E-06,+2.0544295800E+00,+9.9511534126E+00
+368.7500E-06,+2.0458114892E+00,+9.9758770316E+00
+369.0000E-06,+2.0630476707E+00,+9.9326106981E+00
+369.2500E-06,+2.0470426451E+00,+9.9779373332E+00
+369.5000E-06,+2.0150325936E+00,+9.9140679836E+00
+369.7500E-06,+2.0642788266E+00,+9.9490931109E+00
+370.0000E-06,+2.0741280731E+00,+9.9429122060E+00
+370.2500E-06,+2.0458114892E+00,+9.9779373332E+00
+370.5000E-06,+2.0765903848E+00,+9.9140679836E+00
+370.7500E-06,+2.0852084756E+00,+9.9140679836E+00
+371.0000E-06,+2.0630476707E+00,+9.9799976349E+00
+371.2500E-06,+2.0852084756E+00,+9.9779373332E+00
+371.5000E-06,+2.0852084756E+00,+9.8996458725E+00
+371.7500E-06,+2.0458114892E+00,+9.9140679836E+00
+372.0000E-06,+2.0458114892E+00,+9.9326106981E+00
+372.2500E-06,+2.0458114892E+00,+9.9120076820E+00
+372.5000E-06,+2.0679722941E+00,+9.9140679836E+00
+372.7500E-06,+2.0039521912E+00,+9.9140679836E+00
+373.0000E-06,+2.0741280731E+00,+9.9140679836E+00
+373.2500E-06,+2.0470426451E+00,+9.9161282853E+00
+373.5000E-06,+2.0544295800E+00,+9.9655755237E+00
+373.7500E-06,+2.0852084756E+00,+9.8790428563E+00
+374.0000E-06,+2.0741280731E+00,+9.9140679836E+00
+374.2500E-06,+2.0839773197E+00,+9.9140679836E+00
+374.5000E-06,+2.0544295800E+00,+9.9284900948E+00
+374.7500E-06,+2.0273441519E+00,+9.9449725076E+00
+375.0000E-06,+2.0741280731E+00,+9.9799976349E+00
+375.2500E-06,+2.0839773197E+00,+9.9140679836E+00
+375.5000E-06,+2.0236506843E+00,+9.8625604435E+00
+375.7500E-06,+2.0433491775E+00,+9.8831634596E+00
+376.0000E-06,+2.0347310868E+00,+9.9614549204E+00
+376.2500E-06,+2.0470426451E+00,+9.9120076820E+00
+376.5000E-06,+2.0852084756E+00,+9.9655755237E+00
+376.7500E-06,+2.0852084756E+00,+9.9140679836E+00
+377.0000E-06,+2.0741280731E+00,+9.9326106981E+00
+377.2500E-06,+2.0839773197E+00,+9.8543192373E+00
+377.5000E-06,+2.0765903849E+00,+9.9655755237E+00
+377.7500E-06,+2.0458114892E+00,+9.9449725076E+00
+378.0000E-06,+2.0630476707E+00,+9.9326106981E+00
+378.2500E-06,+2.0852084756E+00,+9.9120076820E+00
+378.5000E-06,+2.0852084756E+00,+9.9799976349E+00
+378.7500E-06,+2.0876707873E+00,+9.8831634597E+00
+379.0000E-06,+2.0458114892E+00,+9.9140679836E+00
+379.2500E-06,+2.0088768146E+00,+9.9161282853E+00
+379.5000E-06,+2.0458114892E+00,+9.9799976349E+00
+379.7500E-06,+2.0064145029E+00,+9.9799976349E+00
+380.0000E-06,+2.0741280731E+00,+9.9140679836E+00
+380.2500E-06,+2.0852084756E+00,+9.9758770316E+00
+380.5000E-06,+2.0458114892E+00,+9.9284900948E+00
+380.7500E-06,+2.0458114892E+00,+9.9140679836E+00
+381.0000E-06,+2.0458114892E+00,+9.9614549204E+00
+381.2500E-06,+2.0088768146E+00,+9.9779373332E+00
+381.5000E-06,+2.0679722941E+00,+9.9284900948E+00
+381.7500E-06,+2.0273441519E+00,+9.9140679836E+00
+382.0000E-06,+2.0741280731E+00,+9.8192941100E+00
+382.2500E-06,+2.0852084756E+00,+9.9161282853E+00
+382.5000E-06,+2.0150325936E+00,+9.9140679836E+00
+382.7500E-06,+2.0852084756E+00,+9.9799976349E+00
+383.0000E-06,+2.0568918917E+00,+9.8955252692E+00
+383.2500E-06,+2.0839773197E+00,+9.9779373332E+00
+383.5000E-06,+2.0458114892E+00,+9.8996458725E+00
+383.7500E-06,+2.0248818402E+00,+9.9449725076E+00
+384.0000E-06,+2.0347310868E+00,+9.9614549204E+00
+384.2500E-06,+2.0852084756E+00,+9.9779373332E+00
+384.5000E-06,+2.0765903849E+00,+9.9655755237E+00
+384.7500E-06,+2.0667411383E+00,+9.8481383324E+00
+385.0000E-06,+2.0458114892E+00,+9.9140679836E+00
+385.2500E-06,+2.0458114892E+00,+9.9779373332E+00
+385.5000E-06,+2.0458114892E+00,+9.9284900948E+00
+385.7500E-06,+2.0458114892E+00,+9.9140679836E+00
+386.0000E-06,+2.0568918917E+00,+9.9326106981E+00
+386.2500E-06,+2.0458114892E+00,+9.9779373332E+00
+386.5000E-06,+2.0544295800E+00,+9.9799976349E+00
+386.7500E-06,+2.0273441519E+00,+9.9449725076E+00
+387.0000E-06,+2.0458114892E+00,+9.9140679836E+00
+387.2500E-06,+2.0839773197E+00,+9.9140679836E+00
+387.5000E-06,+2.0150325936E+00,+9.8625604435E+00
+387.7500E-06,+2.0458114892E+00,+9.9449725076E+00
+388.0000E-06,+2.0741280731E+00,+9.9140679836E+00
+388.2500E-06,+2.0445803334E+00,+9.9140679836E+00
+388.5000E-06,+2.0852084756E+00,+9.8914046658E+00
+388.7500E-06,+2.0852084756E+00,+9.9449725076E+00
+389.0000E-06,+2.0458114892E+00,+9.8955252692E+00
+389.2500E-06,+2.0470426451E+00,+9.9161282853E+00
+389.5000E-06,+2.0458114892E+00,+9.8996458725E+00
+389.7500E-06,+2.0667411383E+00,+9.9799976349E+00
+390.0000E-06,+2.0458114892E+00,+9.9140679836E+00
+390.2500E-06,+2.0470426451E+00,+9.9181885870E+00
+390.5000E-06,+2.0765903849E+00,+9.8996458725E+00
+390.7500E-06,+2.0667411383E+00,+9.9449725076E+00
+391.0000E-06,+2.0174949053E+00,+9.9799976349E+00
+391.2500E-06,+2.0470426451E+00,+9.9161282853E+00
+391.5000E-06,+2.0544295800E+00,+9.9655755237E+00
+391.7500E-06,+2.0433491775E+00,+9.9799976349E+00
+392.0000E-06,+2.0568918917E+00,+9.9429122059E+00
+392.2500E-06,+2.0458114892E+00,+9.9140679836E+00
+392.5000E-06,+2.0852084756E+00,+9.8625604435E+00
+392.7500E-06,+2.0667411383E+00,+9.9099473803E+00
+393.0000E-06,+2.0852084756E+00,+9.9326106981E+00
+393.2500E-06,+2.0839773197E+00,+9.9140679836E+00
+393.5000E-06,+2.0852084756E+00,+9.8996458725E+00
+393.7500E-06,+2.0876707873E+00,+9.9490931109E+00
+394.0000E-06,+2.0174949053E+00,+9.9140679836E+00
+394.2500E-06,+2.0827461639E+00,+9.9140679836E+00
+394.5000E-06,+2.0150325936E+00,+9.9284900948E+00
+394.7500E-06,+2.0667411383E+00,+9.8790428563E+00
+395.0000E-06,+2.1135250595E+00,+9.8955252691E+00
+395.2500E-06,+2.0827461639E+00,+9.9779373332E+00
+395.5000E-06,+2.0544295800E+00,+9.9284900948E+00
+395.7500E-06,+2.0458114892E+00,+9.9140679836E+00
+396.0000E-06,+2.0790526966E+00,+9.9140679836E+00
+396.2500E-06,+2.0852084756E+00,+9.9140679836E+00
+396.5000E-06,+2.0544295800E+00,+9.9284900948E+00
+396.7500E-06,+2.0458114892E+00,+9.9140679836E+00
+397.0000E-06,+2.0347310868E+00,+9.9985403494E+00
+397.2500E-06,+2.0458114892E+00,+9.9779373332E+00
+397.5000E-06,+2.0765903849E+00,+9.9140679836E+00
+397.7500E-06,+2.0852084756E+00,+9.9799976349E+00
+398.0000E-06,+2.0741280731E+00,+9.8852237613E+00
+398.2500E-06,+2.0852084756E+00,+9.9140679836E+00
+398.5000E-06,+2.0852084756E+00,+9.9140679836E+00
+398.7500E-06,+2.0458114892E+00,+9.9490931109E+00
+399.0000E-06,+2.0458114892E+00,+9.9326106981E+00
+399.2500E-06,+2.0852084756E+00,+9.9140679836E+00
+399.5000E-06,+2.0938265663E+00,+9.9655755237E+00
+399.7500E-06,+2.0827461639E+00,+9.9140679836E+00
+400.0000E-06,+2.0741280731E+00,+9.9326106981E+00
+400.2500E-06,+2.1221431502E+00,+9.9140679836E+00
+400.5000E-06,+2.0544295800E+00,+10.0315051750E+00
+400.7500E-06,+2.0667411383E+00,+9.9799976349E+00
+401.0000E-06,+2.0962888780E+00,+9.9037664758E+00
+401.2500E-06,+2.0470426451E+00,+9.9140679836E+00
+401.5000E-06,+2.0765903849E+00,+9.9284900948E+00
+401.7500E-06,+2.0458114892E+00,+9.9490931109E+00
+402.0000E-06,+2.0852084756E+00,+9.9326106981E+00
+402.2500E-06,+2.0445803334E+00,+9.9140679836E+00
+402.5000E-06,+2.0458114892E+00,+9.9140679836E+00
+402.7500E-06,+2.0248818402E+00,+9.9449725076E+00
+403.0000E-06,+2.0741280731E+00,+9.9614549204E+00
+403.2500E-06,+2.0839773197E+00,+9.9140679836E+00
+403.5000E-06,+2.0765903849E+00,+9.8625604435E+00
+403.7500E-06,+2.0273441519E+00,+9.9490931109E+00
